case_id,image_path,mask_path,split
1,C:\Users\edimv\Desktop\imagecas_stenosis_project\data\train\images\1.nii.gz,C:\Users\edimv\Desktop\imagecas_stenosis_project\data\train\masks\1.nii.gz,train
10,C:\Users\edimv\Desktop\imagecas_stenosis_project\data\train\images\10.nii.gz,C:\Users\edimv\Desktop\imagecas_stenosis_project\data\train\masks\10.nii.gz,train
100,C:\Users\edimv\Desktop\imagecas_stenosis_project\data\train\images\100.nii.gz,C:\Users\edimv\Desktop\imagecas_stenosis_project\data\train\masks\100.nii.gz,train
1000,C:\Users\edimv\Desktop\imagecas_stenosis_project\data\train\images\1000.nii.gz,C:\Users\edimv\Desktop\imagecas_stenosis_project\data\train\masks\1000.nii.gz,train
101,C:\Users\edimv\Desktop\imagecas_stenosis_project\data\train\images\101.nii.gz,C:\Users\edimv\Desktop\imagecas_stenosis_project\data\train\masks\101.nii.gz,train
102,C:\Users\edimv\Desktop\imagecas_stenosis_project\data\train\images\102.nii.gz,C:\Users\edimv\Desktop\imagecas_stenosis_project\data\train\masks\102.nii.gz,train
103,C:\Users\edimv\Desktop\imagecas_stenosis_project\data\train\images\103.nii.gz,C:\Users\edimv\Desktop\imagecas_stenosis_project\data\train\masks\103.nii.gz,train
104,C:\Users\edimv\Desktop\imagecas_stenosis_project\data\train\images\104.nii.gz,C:\Users\edimv\Desktop\imagecas_stenosis_project\data\train\masks\104.nii.gz,train
105,C:\Users\edimv\Desktop\imagecas_stenosis_project\data\train\images\105.nii.gz,C:\Users\edimv\Desktop\imagecas_stenosis_project\data\train\masks\105.nii.gz,train
106,C:\Users\edimv\Desktop\imagecas_stenosis_project\data\train\images\106.nii.gz,C:\Users\edimv\Desktop\imagecas_stenosis_project\data\train\masks\106.nii.gz,train
107,C:\Users\edimv\Desktop\imagecas_stenosis_project\data\test\images\107.nii.gz,C:\Users\edimv\Desktop\imagecas_stenosis_project\data\test\masks\107.nii.gz,test
108,C:\Users\edimv\Desktop\imagecas_stenosis_project\data\train\images\108.nii.gz,C:\Users\edimv\Desktop\imagecas_stenosis_project\data\train\masks\108.nii.gz,train
109,C:\Users\edimv\Desktop\imagecas_stenosis_project\data\train\images\109.nii.gz,C:\Users\edimv\Desktop\imagecas_stenosis_project\data\train\masks\109.nii.gz,train
11,C:\Users\edimv\Desktop\imagecas_stenosis_project\data\train\images\11.nii.gz,C:\Users\edimv\Desktop\imagecas_stenosis_project\data\train\masks\11.nii.gz,train
110,C:\Users\edimv\Desktop\imagecas_stenosis_project\data\train\images\110.nii.gz,C:\Users\edimv\Desktop\imagecas_stenosis_project\data\train\masks\110.nii.gz,train
111,C:\Users\edimv\Desktop\imagecas_stenosis_project\data\train\images\111.nii.gz,C:\Users\edimv\Desktop\imagecas_stenosis_project\data\train\masks\111.nii.gz,train
112,C:\Users\edimv\Desktop\imagecas_stenosis_project\data\train\images\112.nii.gz,C:\Users\edimv\Desktop\imagecas_stenosis_project\data\train\masks\112.nii.gz,train
113,C:\Users\edimv\Desktop\imagecas_stenosis_project\data\train\images\113.nii.gz,C:\Users\edimv\Desktop\imagecas_stenosis_project\data\train\masks\113.nii.gz,train
114,C:\Users\edimv\Desktop\imagecas_stenosis_project\data\train\images\114.nii.gz,C:\Users\edimv\Desktop\imagecas_stenosis_project\data\train\masks\114.nii.gz,train
115,C:\Users\edimv\Desktop\imagecas_stenosis_project\data\train\images\115.nii.gz,C:\Users\edimv\Desktop\imagecas_stenosis_project\data\train\masks\115.nii.gz,train
116,C:\Users\edimv\Desktop\imagecas_stenosis_project\data\train\images\116.nii.gz,C:\Users\edimv\Desktop\imagecas_stenosis_project\data\train\masks\116.nii.gz,train
117,C:\Users\edimv\Desktop\imagecas_stenosis_project\data\train\images\117.nii.gz,C:\Users\edimv\Desktop\imagecas_stenosis_project\data\train\masks\117.nii.gz,train
118,C:\Users\edimv\Desktop\imagecas_stenosis_project\data\train\images\118.nii.gz,C:\Users\edimv\Desktop\imagecas_stenosis_project\data\train\masks\118.nii.gz,train
119,C:\Users\edimv\Desktop\imagecas_stenosis_project\data\test\images\119.nii.gz,C:\Users\edimv\Desktop\imagecas_stenosis_project\data\test\masks\119.nii.gz,test
12,C:\Users\edimv\Desktop\imagecas_stenosis_project\data\train\images\12.nii.gz,C:\Users\edimv\Desktop\imagecas_stenosis_project\data\train\masks\12.nii.gz,train
120,C:\Users\edimv\Desktop\imagecas_stenosis_project\data\test\images\120.nii.gz,C:\Users\edimv\Desktop\imagecas_stenosis_project\data\test\masks\120.nii.gz,test
121,C:\Users\edimv\Desktop\imagecas_stenosis_project\data\train\images\121.nii.gz,C:\Users\edimv\Desktop\imagecas_stenosis_project\data\train\masks\121.nii.gz,train
122,C:\Users\edimv\Desktop\imagecas_stenosis_project\data\train\images\122.nii.gz,C:\Users\edimv\Desktop\imagecas_stenosis_project\data\train\masks\122.nii.gz,train
123,C:\Users\edimv\Desktop\imagecas_stenosis_project\data\train\images\123.nii.gz,C:\Users\edimv\Desktop\imagecas_stenosis_project\data\train\masks\123.nii.gz,train
124,C:\Users\edimv\Desktop\imagecas_stenosis_project\data\train\images\124.nii.gz,C:\Users\edimv\Desktop\imagecas_stenosis_project\data\train\masks\124.nii.gz,train
125,C:\Users\edimv\Desktop\imagecas_stenosis_project\data\test\images\125.nii.gz,C:\Users\edimv\Desktop\imagecas_stenosis_project\data\test\masks\125.nii.gz,test
126,C:\Users\edimv\Desktop\imagecas_stenosis_project\data\train\images\126.nii.gz,C:\Users\edimv\Desktop\imagecas_stenosis_project\data\train\masks\126.nii.gz,train
127,C:\Users\edimv\Desktop\imagecas_stenosis_project\data\train\images\127.nii.gz,C:\Users\edimv\Desktop\imagecas_stenosis_project\data\train\masks\127.nii.gz,train
128,C:\Users\edimv\Desktop\imagecas_stenosis_project\data\train\images\128.nii.gz,C:\Users\edimv\Desktop\imagecas_stenosis_project\data\train\masks\128.nii.gz,train
129,C:\Users\edimv\Desktop\imagecas_stenosis_project\data\train\images\129.nii.gz,C:\Users\edimv\Desktop\imagecas_stenosis_project\data\train\masks\129.nii.gz,train
13,C:\Users\edimv\Desktop\imagecas_stenosis_project\data\train\images\13.nii.gz,C:\Users\edimv\Desktop\imagecas_stenosis_project\data\train\masks\13.nii.gz,train
130,C:\Users\edimv\Desktop\imagecas_stenosis_project\data\train\images\130.nii.gz,C:\Users\edimv\Desktop\imagecas_stenosis_project\data\train\masks\130.nii.gz,train
131,C:\Users\edimv\Desktop\imagecas_stenosis_project\data\train\images\131.nii.gz,C:\Users\edimv\Desktop\imagecas_stenosis_project\data\train\masks\131.nii.gz,train
132,C:\Users\edimv\Desktop\imagecas_stenosis_project\data\train\images\132.nii.gz,C:\Users\edimv\Desktop\imagecas_stenosis_project\data\train\masks\132.nii.gz,train
133,C:\Users\edimv\Desktop\imagecas_stenosis_project\data\test\images\133.nii.gz,C:\Users\edimv\Desktop\imagecas_stenosis_project\data\test\masks\133.nii.gz,test
134,C:\Users\edimv\Desktop\imagecas_stenosis_project\data\train\images\134.nii.gz,C:\Users\edimv\Desktop\imagecas_stenosis_project\data\train\masks\134.nii.gz,train
135,C:\Users\edimv\Desktop\imagecas_stenosis_project\data\train\images\135.nii.gz,C:\Users\edimv\Desktop\imagecas_stenosis_project\data\train\masks\135.nii.gz,train
136,C:\Users\edimv\Desktop\imagecas_stenosis_project\data\train\images\136.nii.gz,C:\Users\edimv\Desktop\imagecas_stenosis_project\data\train\masks\136.nii.gz,train
137,C:\Users\edimv\Desktop\imagecas_stenosis_project\data\train\images\137.nii.gz,C:\Users\edimv\Desktop\imagecas_stenosis_project\data\train\masks\137.nii.gz,train
138,C:\Users\edimv\Desktop\imagecas_stenosis_project\data\test\images\138.nii.gz,C:\Users\edimv\Desktop\imagecas_stenosis_project\data\test\masks\138.nii.gz,test
139,C:\Users\edimv\Desktop\imagecas_stenosis_project\data\train\images\139.nii.gz,C:\Users\edimv\Desktop\imagecas_stenosis_project\data\train\masks\139.nii.gz,train
14,C:\Users\edimv\Desktop\imagecas_stenosis_project\data\train\images\14.nii.gz,C:\Users\edimv\Desktop\imagecas_stenosis_project\data\train\masks\14.nii.gz,train
140,C:\Users\edimv\Desktop\imagecas_stenosis_project\data\train\images\140.nii.gz,C:\Users\edimv\Desktop\imagecas_stenosis_project\data\train\masks\140.nii.gz,train
141,C:\Users\edimv\Desktop\imagecas_stenosis_project\data\train\images\141.nii.gz,C:\Users\edimv\Desktop\imagecas_stenosis_project\data\train\masks\141.nii.gz,train
142,C:\Users\edimv\Desktop\imagecas_stenosis_project\data\train\images\142.nii.gz,C:\Users\edimv\Desktop\imagecas_stenosis_project\data\train\masks\142.nii.gz,train
143,C:\Users\edimv\Desktop\imagecas_stenosis_project\data\train\images\143.nii.gz,C:\Users\edimv\Desktop\imagecas_stenosis_project\data\train\masks\143.nii.gz,train
144,C:\Users\edimv\Desktop\imagecas_stenosis_project\data\train\images\144.nii.gz,C:\Users\edimv\Desktop\imagecas_stenosis_project\data\train\masks\144.nii.gz,train
145,C:\Users\edimv\Desktop\imagecas_stenosis_project\data\train\images\145.nii.gz,C:\Users\edimv\Desktop\imagecas_stenosis_project\data\train\masks\145.nii.gz,train
146,C:\Users\edimv\Desktop\imagecas_stenosis_project\data\train\images\146.nii.gz,C:\Users\edimv\Desktop\imagecas_stenosis_project\data\train\masks\146.nii.gz,train
147,C:\Users\edimv\Desktop\imagecas_stenosis_project\data\test\images\147.nii.gz,C:\Users\edimv\Desktop\imagecas_stenosis_project\data\test\masks\147.nii.gz,test
148,C:\Users\edimv\Desktop\imagecas_stenosis_project\data\test\images\148.nii.gz,C:\Users\edimv\Desktop\imagecas_stenosis_project\data\test\masks\148.nii.gz,test
149,C:\Users\edimv\Desktop\imagecas_stenosis_project\data\train\images\149.nii.gz,C:\Users\edimv\Desktop\imagecas_stenosis_project\data\train\masks\149.nii.gz,train
15,C:\Users\edimv\Desktop\imagecas_stenosis_project\data\train\images\15.nii.gz,C:\Users\edimv\Desktop\imagecas_stenosis_project\data\train\masks\15.nii.gz,train
150,C:\Users\edimv\Desktop\imagecas_stenosis_project\data\train\images\150.nii.gz,C:\Users\edimv\Desktop\imagecas_stenosis_project\data\train\masks\150.nii.gz,train
151,C:\Users\edimv\Desktop\imagecas_stenosis_project\data\test\images\151.nii.gz,C:\Users\edimv\Desktop\imagecas_stenosis_project\data\test\masks\151.nii.gz,test
152,C:\Users\edimv\Desktop\imagecas_stenosis_project\data\test\images\152.nii.gz,C:\Users\edimv\Desktop\imagecas_stenosis_project\data\test\masks\152.nii.gz,test
153,C:\Users\edimv\Desktop\imagecas_stenosis_project\data\train\images\153.nii.gz,C:\Users\edimv\Desktop\imagecas_stenosis_project\data\train\masks\153.nii.gz,train
154,C:\Users\edimv\Desktop\imagecas_stenosis_project\data\train\images\154.nii.gz,C:\Users\edimv\Desktop\imagecas_stenosis_project\data\train\masks\154.nii.gz,train
155,C:\Users\edimv\Desktop\imagecas_stenosis_project\data\test\images\155.nii.gz,C:\Users\edimv\Desktop\imagecas_stenosis_project\data\test\masks\155.nii.gz,test
156,C:\Users\edimv\Desktop\imagecas_stenosis_project\data\train\images\156.nii.gz,C:\Users\edimv\Desktop\imagecas_stenosis_project\data\train\masks\156.nii.gz,train
157,C:\Users\edimv\Desktop\imagecas_stenosis_project\data\train\images\157.nii.gz,C:\Users\edimv\Desktop\imagecas_stenosis_project\data\train\masks\157.nii.gz,train
158,C:\Users\edimv\Desktop\imagecas_stenosis_project\data\test\images\158.nii.gz,C:\Users\edimv\Desktop\imagecas_stenosis_project\data\test\masks\158.nii.gz,test
159,C:\Users\edimv\Desktop\imagecas_stenosis_project\data\test\images\159.nii.gz,C:\Users\edimv\Desktop\imagecas_stenosis_project\data\test\masks\159.nii.gz,test
16,C:\Users\edimv\Desktop\imagecas_stenosis_project\data\train\images\16.nii.gz,C:\Users\edimv\Desktop\imagecas_stenosis_project\data\train\masks\16.nii.gz,train
160,C:\Users\edimv\Desktop\imagecas_stenosis_project\data\train\images\160.nii.gz,C:\Users\edimv\Desktop\imagecas_stenosis_project\data\train\masks\160.nii.gz,train
161,C:\Users\edimv\Desktop\imagecas_stenosis_project\data\test\images\161.nii.gz,C:\Users\edimv\Desktop\imagecas_stenosis_project\data\test\masks\161.nii.gz,test
162,C:\Users\edimv\Desktop\imagecas_stenosis_project\data\train\images\162.nii.gz,C:\Users\edimv\Desktop\imagecas_stenosis_project\data\train\masks\162.nii.gz,train
163,C:\Users\edimv\Desktop\imagecas_stenosis_project\data\test\images\163.nii.gz,C:\Users\edimv\Desktop\imagecas_stenosis_project\data\test\masks\163.nii.gz,test
164,C:\Users\edimv\Desktop\imagecas_stenosis_project\data\train\images\164.nii.gz,C:\Users\edimv\Desktop\imagecas_stenosis_project\data\train\masks\164.nii.gz,train
165,C:\Users\edimv\Desktop\imagecas_stenosis_project\data\train\images\165.nii.gz,C:\Users\edimv\Desktop\imagecas_stenosis_project\data\train\masks\165.nii.gz,train
166,C:\Users\edimv\Desktop\imagecas_stenosis_project\data\train\images\166.nii.gz,C:\Users\edimv\Desktop\imagecas_stenosis_project\data\train\masks\166.nii.gz,train
167,C:\Users\edimv\Desktop\imagecas_stenosis_project\data\test\images\167.nii.gz,C:\Users\edimv\Desktop\imagecas_stenosis_project\data\test\masks\167.nii.gz,test
168,C:\Users\edimv\Desktop\imagecas_stenosis_project\data\train\images\168.nii.gz,C:\Users\edimv\Desktop\imagecas_stenosis_project\data\train\masks\168.nii.gz,train
169,C:\Users\edimv\Desktop\imagecas_stenosis_project\data\test\images\169.nii.gz,C:\Users\edimv\Desktop\imagecas_stenosis_project\data\test\masks\169.nii.gz,test
17,C:\Users\edimv\Desktop\imagecas_stenosis_project\data\train\images\17.nii.gz,C:\Users\edimv\Desktop\imagecas_stenosis_project\data\train\masks\17.nii.gz,train
170,C:\Users\edimv\Desktop\imagecas_stenosis_project\data\train\images\170.nii.gz,C:\Users\edimv\Desktop\imagecas_stenosis_project\data\train\masks\170.nii.gz,train
171,C:\Users\edimv\Desktop\imagecas_stenosis_project\data\train\images\171.nii.gz,C:\Users\edimv\Desktop\imagecas_stenosis_project\data\train\masks\171.nii.gz,train
172,C:\Users\edimv\Desktop\imagecas_stenosis_project\data\train\images\172.nii.gz,C:\Users\edimv\Desktop\imagecas_stenosis_project\data\train\masks\172.nii.gz,train
173,C:\Users\edimv\Desktop\imagecas_stenosis_project\data\train\images\173.nii.gz,C:\Users\edimv\Desktop\imagecas_stenosis_project\data\train\masks\173.nii.gz,train
174,C:\Users\edimv\Desktop\imagecas_stenosis_project\data\train\images\174.nii.gz,C:\Users\edimv\Desktop\imagecas_stenosis_project\data\train\masks\174.nii.gz,train
175,C:\Users\edimv\Desktop\imagecas_stenosis_project\data\train\images\175.nii.gz,C:\Users\edimv\Desktop\imagecas_stenosis_project\data\train\masks\175.nii.gz,train
176,C:\Users\edimv\Desktop\imagecas_stenosis_project\data\test\images\176.nii.gz,C:\Users\edimv\Desktop\imagecas_stenosis_project\data\test\masks\176.nii.gz,test
177,C:\Users\edimv\Desktop\imagecas_stenosis_project\data\train\images\177.nii.gz,C:\Users\edimv\Desktop\imagecas_stenosis_project\data\train\masks\177.nii.gz,train
178,C:\Users\edimv\Desktop\imagecas_stenosis_project\data\test\images\178.nii.gz,C:\Users\edimv\Desktop\imagecas_stenosis_project\data\test\masks\178.nii.gz,test
179,C:\Users\edimv\Desktop\imagecas_stenosis_project\data\train\images\179.nii.gz,C:\Users\edimv\Desktop\imagecas_stenosis_project\data\train\masks\179.nii.gz,train
18,C:\Users\edimv\Desktop\imagecas_stenosis_project\data\train\images\18.nii.gz,C:\Users\edimv\Desktop\imagecas_stenosis_project\data\train\masks\18.nii.gz,train
180,C:\Users\edimv\Desktop\imagecas_stenosis_project\data\train\images\180.nii.gz,C:\Users\edimv\Desktop\imagecas_stenosis_project\data\train\masks\180.nii.gz,train
181,C:\Users\edimv\Desktop\imagecas_stenosis_project\data\train\images\181.nii.gz,C:\Users\edimv\Desktop\imagecas_stenosis_project\data\train\masks\181.nii.gz,train
182,C:\Users\edimv\Desktop\imagecas_stenosis_project\data\train\images\182.nii.gz,C:\Users\edimv\Desktop\imagecas_stenosis_project\data\train\masks\182.nii.gz,train
183,C:\Users\edimv\Desktop\imagecas_stenosis_project\data\train\images\183.nii.gz,C:\Users\edimv\Desktop\imagecas_stenosis_project\data\train\masks\183.nii.gz,train
184,C:\Users\edimv\Desktop\imagecas_stenosis_project\data\train\images\184.nii.gz,C:\Users\edimv\Desktop\imagecas_stenosis_project\data\train\masks\184.nii.gz,train
185,C:\Users\edimv\Desktop\imagecas_stenosis_project\data\test\images\185.nii.gz,C:\Users\edimv\Desktop\imagecas_stenosis_project\data\test\masks\185.nii.gz,test
186,C:\Users\edimv\Desktop\imagecas_stenosis_project\data\train\images\186.nii.gz,C:\Users\edimv\Desktop\imagecas_stenosis_project\data\train\masks\186.nii.gz,train
187,C:\Users\edimv\Desktop\imagecas_stenosis_project\data\train\images\187.nii.gz,C:\Users\edimv\Desktop\imagecas_stenosis_project\data\train\masks\187.nii.gz,train
188,C:\Users\edimv\Desktop\imagecas_stenosis_project\data\train\images\188.nii.gz,C:\Users\edimv\Desktop\imagecas_stenosis_project\data\train\masks\188.nii.gz,train
189,C:\Users\edimv\Desktop\imagecas_stenosis_project\data\train\images\189.nii.gz,C:\Users\edimv\Desktop\imagecas_stenosis_project\data\train\masks\189.nii.gz,train
19,C:\Users\edimv\Desktop\imagecas_stenosis_project\data\test\images\19.nii.gz,C:\Users\edimv\Desktop\imagecas_stenosis_project\data\test\masks\19.nii.gz,test
190,C:\Users\edimv\Desktop\imagecas_stenosis_project\data\train\images\190.nii.gz,C:\Users\edimv\Desktop\imagecas_stenosis_project\data\train\masks\190.nii.gz,train
191,C:\Users\edimv\Desktop\imagecas_stenosis_project\data\train\images\191.nii.gz,C:\Users\edimv\Desktop\imagecas_stenosis_project\data\train\masks\191.nii.gz,train
192,C:\Users\edimv\Desktop\imagecas_stenosis_project\data\train\images\192.nii.gz,C:\Users\edimv\Desktop\imagecas_stenosis_project\data\train\masks\192.nii.gz,train
193,C:\Users\edimv\Desktop\imagecas_stenosis_project\data\train\images\193.nii.gz,C:\Users\edimv\Desktop\imagecas_stenosis_project\data\train\masks\193.nii.gz,train
194,C:\Users\edimv\Desktop\imagecas_stenosis_project\data\train\images\194.nii.gz,C:\Users\edimv\Desktop\imagecas_stenosis_project\data\train\masks\194.nii.gz,train
195,C:\Users\edimv\Desktop\imagecas_stenosis_project\data\test\images\195.nii.gz,C:\Users\edimv\Desktop\imagecas_stenosis_project\data\test\masks\195.nii.gz,test
196,C:\Users\edimv\Desktop\imagecas_stenosis_project\data\train\images\196.nii.gz,C:\Users\edimv\Desktop\imagecas_stenosis_project\data\train\masks\196.nii.gz,train
197,C:\Users\edimv\Desktop\imagecas_stenosis_project\data\train\images\197.nii.gz,C:\Users\edimv\Desktop\imagecas_stenosis_project\data\train\masks\197.nii.gz,train
198,C:\Users\edimv\Desktop\imagecas_stenosis_project\data\test\images\198.nii.gz,C:\Users\edimv\Desktop\imagecas_stenosis_project\data\test\masks\198.nii.gz,test
199,C:\Users\edimv\Desktop\imagecas_stenosis_project\data\train\images\199.nii.gz,C:\Users\edimv\Desktop\imagecas_stenosis_project\data\train\masks\199.nii.gz,train
2,C:\Users\edimv\Desktop\imagecas_stenosis_project\data\train\images\2.nii.gz,C:\Users\edimv\Desktop\imagecas_stenosis_project\data\train\masks\2.nii.gz,train
20,C:\Users\edimv\Desktop\imagecas_stenosis_project\data\train\images\20.nii.gz,C:\Users\edimv\Desktop\imagecas_stenosis_project\data\train\masks\20.nii.gz,train
200,C:\Users\edimv\Desktop\imagecas_stenosis_project\data\train\images\200.nii.gz,C:\Users\edimv\Desktop\imagecas_stenosis_project\data\train\masks\200.nii.gz,train
201,C:\Users\edimv\Desktop\imagecas_stenosis_project\data\train\images\201.nii.gz,C:\Users\edimv\Desktop\imagecas_stenosis_project\data\train\masks\201.nii.gz,train
202,C:\Users\edimv\Desktop\imagecas_stenosis_project\data\train\images\202.nii.gz,C:\Users\edimv\Desktop\imagecas_stenosis_project\data\train\masks\202.nii.gz,train
203,C:\Users\edimv\Desktop\imagecas_stenosis_project\data\train\images\203.nii.gz,C:\Users\edimv\Desktop\imagecas_stenosis_project\data\train\masks\203.nii.gz,train
204,C:\Users\edimv\Desktop\imagecas_stenosis_project\data\train\images\204.nii.gz,C:\Users\edimv\Desktop\imagecas_stenosis_project\data\train\masks\204.nii.gz,train
205,C:\Users\edimv\Desktop\imagecas_stenosis_project\data\train\images\205.nii.gz,C:\Users\edimv\Desktop\imagecas_stenosis_project\data\train\masks\205.nii.gz,train
206,C:\Users\edimv\Desktop\imagecas_stenosis_project\data\test\images\206.nii.gz,C:\Users\edimv\Desktop\imagecas_stenosis_project\data\test\masks\206.nii.gz,test
207,C:\Users\edimv\Desktop\imagecas_stenosis_project\data\train\images\207.nii.gz,C:\Users\edimv\Desktop\imagecas_stenosis_project\data\train\masks\207.nii.gz,train
208,C:\Users\edimv\Desktop\imagecas_stenosis_project\data\train\images\208.nii.gz,C:\Users\edimv\Desktop\imagecas_stenosis_project\data\train\masks\208.nii.gz,train
209,C:\Users\edimv\Desktop\imagecas_stenosis_project\data\train\images\209.nii.gz,C:\Users\edimv\Desktop\imagecas_stenosis_project\data\train\masks\209.nii.gz,train
21,C:\Users\edimv\Desktop\imagecas_stenosis_project\data\train\images\21.nii.gz,C:\Users\edimv\Desktop\imagecas_stenosis_project\data\train\masks\21.nii.gz,train
210,C:\Users\edimv\Desktop\imagecas_stenosis_project\data\train\images\210.nii.gz,C:\Users\edimv\Desktop\imagecas_stenosis_project\data\train\masks\210.nii.gz,train
211,C:\Users\edimv\Desktop\imagecas_stenosis_project\data\train\images\211.nii.gz,C:\Users\edimv\Desktop\imagecas_stenosis_project\data\train\masks\211.nii.gz,train
212,C:\Users\edimv\Desktop\imagecas_stenosis_project\data\train\images\212.nii.gz,C:\Users\edimv\Desktop\imagecas_stenosis_project\data\train\masks\212.nii.gz,train
213,C:\Users\edimv\Desktop\imagecas_stenosis_project\data\train\images\213.nii.gz,C:\Users\edimv\Desktop\imagecas_stenosis_project\data\train\masks\213.nii.gz,train
214,C:\Users\edimv\Desktop\imagecas_stenosis_project\data\train\images\214.nii.gz,C:\Users\edimv\Desktop\imagecas_stenosis_project\data\train\masks\214.nii.gz,train
215,C:\Users\edimv\Desktop\imagecas_stenosis_project\data\train\images\215.nii.gz,C:\Users\edimv\Desktop\imagecas_stenosis_project\data\train\masks\215.nii.gz,train
216,C:\Users\edimv\Desktop\imagecas_stenosis_project\data\train\images\216.nii.gz,C:\Users\edimv\Desktop\imagecas_stenosis_project\data\train\masks\216.nii.gz,train
217,C:\Users\edimv\Desktop\imagecas_stenosis_project\data\train\images\217.nii.gz,C:\Users\edimv\Desktop\imagecas_stenosis_project\data\train\masks\217.nii.gz,train
218,C:\Users\edimv\Desktop\imagecas_stenosis_project\data\train\images\218.nii.gz,C:\Users\edimv\Desktop\imagecas_stenosis_project\data\train\masks\218.nii.gz,train
219,C:\Users\edimv\Desktop\imagecas_stenosis_project\data\train\images\219.nii.gz,C:\Users\edimv\Desktop\imagecas_stenosis_project\data\train\masks\219.nii.gz,train
22,C:\Users\edimv\Desktop\imagecas_stenosis_project\data\train\images\22.nii.gz,C:\Users\edimv\Desktop\imagecas_stenosis_project\data\train\masks\22.nii.gz,train
220,C:\Users\edimv\Desktop\imagecas_stenosis_project\data\test\images\220.nii.gz,C:\Users\edimv\Desktop\imagecas_stenosis_project\data\test\masks\220.nii.gz,test
221,C:\Users\edimv\Desktop\imagecas_stenosis_project\data\test\images\221.nii.gz,C:\Users\edimv\Desktop\imagecas_stenosis_project\data\test\masks\221.nii.gz,test
222,C:\Users\edimv\Desktop\imagecas_stenosis_project\data\train\images\222.nii.gz,C:\Users\edimv\Desktop\imagecas_stenosis_project\data\train\masks\222.nii.gz,train
223,C:\Users\edimv\Desktop\imagecas_stenosis_project\data\test\images\223.nii.gz,C:\Users\edimv\Desktop\imagecas_stenosis_project\data\test\masks\223.nii.gz,test
224,C:\Users\edimv\Desktop\imagecas_stenosis_project\data\train\images\224.nii.gz,C:\Users\edimv\Desktop\imagecas_stenosis_project\data\train\masks\224.nii.gz,train
225,C:\Users\edimv\Desktop\imagecas_stenosis_project\data\train\images\225.nii.gz,C:\Users\edimv\Desktop\imagecas_stenosis_project\data\train\masks\225.nii.gz,train
226,C:\Users\edimv\Desktop\imagecas_stenosis_project\data\train\images\226.nii.gz,C:\Users\edimv\Desktop\imagecas_stenosis_project\data\train\masks\226.nii.gz,train
227,C:\Users\edimv\Desktop\imagecas_stenosis_project\data\train\images\227.nii.gz,C:\Users\edimv\Desktop\imagecas_stenosis_project\data\train\masks\227.nii.gz,train
228,C:\Users\edimv\Desktop\imagecas_stenosis_project\data\train\images\228.nii.gz,C:\Users\edimv\Desktop\imagecas_stenosis_project\data\train\masks\228.nii.gz,train
229,C:\Users\edimv\Desktop\imagecas_stenosis_project\data\train\images\229.nii.gz,C:\Users\edimv\Desktop\imagecas_stenosis_project\data\train\masks\229.nii.gz,train
23,C:\Users\edimv\Desktop\imagecas_stenosis_project\data\train\images\23.nii.gz,C:\Users\edimv\Desktop\imagecas_stenosis_project\data\train\masks\23.nii.gz,train
230,C:\Users\edimv\Desktop\imagecas_stenosis_project\data\train\images\230.nii.gz,C:\Users\edimv\Desktop\imagecas_stenosis_project\data\train\masks\230.nii.gz,train
231,C:\Users\edimv\Desktop\imagecas_stenosis_project\data\train\images\231.nii.gz,C:\Users\edimv\Desktop\imagecas_stenosis_project\data\train\masks\231.nii.gz,train
232,C:\Users\edimv\Desktop\imagecas_stenosis_project\data\train\images\232.nii.gz,C:\Users\edimv\Desktop\imagecas_stenosis_project\data\train\masks\232.nii.gz,train
233,C:\Users\edimv\Desktop\imagecas_stenosis_project\data\train\images\233.nii.gz,C:\Users\edimv\Desktop\imagecas_stenosis_project\data\train\masks\233.nii.gz,train
234,C:\Users\edimv\Desktop\imagecas_stenosis_project\data\train\images\234.nii.gz,C:\Users\edimv\Desktop\imagecas_stenosis_project\data\train\masks\234.nii.gz,train
235,C:\Users\edimv\Desktop\imagecas_stenosis_project\data\train\images\235.nii.gz,C:\Users\edimv\Desktop\imagecas_stenosis_project\data\train\masks\235.nii.gz,train
236,C:\Users\edimv\Desktop\imagecas_stenosis_project\data\train\images\236.nii.gz,C:\Users\edimv\Desktop\imagecas_stenosis_project\data\train\masks\236.nii.gz,train
237,C:\Users\edimv\Desktop\imagecas_stenosis_project\data\train\images\237.nii.gz,C:\Users\edimv\Desktop\imagecas_stenosis_project\data\train\masks\237.nii.gz,train
238,C:\Users\edimv\Desktop\imagecas_stenosis_project\data\train\images\238.nii.gz,C:\Users\edimv\Desktop\imagecas_stenosis_project\data\train\masks\238.nii.gz,train
239,C:\Users\edimv\Desktop\imagecas_stenosis_project\data\train\images\239.nii.gz,C:\Users\edimv\Desktop\imagecas_stenosis_project\data\train\masks\239.nii.gz,train
24,C:\Users\edimv\Desktop\imagecas_stenosis_project\data\train\images\24.nii.gz,C:\Users\edimv\Desktop\imagecas_stenosis_project\data\train\masks\24.nii.gz,train
240,C:\Users\edimv\Desktop\imagecas_stenosis_project\data\test\images\240.nii.gz,C:\Users\edimv\Desktop\imagecas_stenosis_project\data\test\masks\240.nii.gz,test
241,C:\Users\edimv\Desktop\imagecas_stenosis_project\data\train\images\241.nii.gz,C:\Users\edimv\Desktop\imagecas_stenosis_project\data\train\masks\241.nii.gz,train
242,C:\Users\edimv\Desktop\imagecas_stenosis_project\data\train\images\242.nii.gz,C:\Users\edimv\Desktop\imagecas_stenosis_project\data\train\masks\242.nii.gz,train
243,C:\Users\edimv\Desktop\imagecas_stenosis_project\data\train\images\243.nii.gz,C:\Users\edimv\Desktop\imagecas_stenosis_project\data\train\masks\243.nii.gz,train
244,C:\Users\edimv\Desktop\imagecas_stenosis_project\data\train\images\244.nii.gz,C:\Users\edimv\Desktop\imagecas_stenosis_project\data\train\masks\244.nii.gz,train
245,C:\Users\edimv\Desktop\imagecas_stenosis_project\data\train\images\245.nii.gz,C:\Users\edimv\Desktop\imagecas_stenosis_project\data\train\masks\245.nii.gz,train
246,C:\Users\edimv\Desktop\imagecas_stenosis_project\data\train\images\246.nii.gz,C:\Users\edimv\Desktop\imagecas_stenosis_project\data\train\masks\246.nii.gz,train
247,C:\Users\edimv\Desktop\imagecas_stenosis_project\data\train\images\247.nii.gz,C:\Users\edimv\Desktop\imagecas_stenosis_project\data\train\masks\247.nii.gz,train
248,C:\Users\edimv\Desktop\imagecas_stenosis_project\data\train\images\248.nii.gz,C:\Users\edimv\Desktop\imagecas_stenosis_project\data\train\masks\248.nii.gz,train
249,C:\Users\edimv\Desktop\imagecas_stenosis_project\data\train\images\249.nii.gz,C:\Users\edimv\Desktop\imagecas_stenosis_project\data\train\masks\249.nii.gz,train
25,C:\Users\edimv\Desktop\imagecas_stenosis_project\data\test\images\25.nii.gz,C:\Users\edimv\Desktop\imagecas_stenosis_project\data\test\masks\25.nii.gz,test
250,C:\Users\edimv\Desktop\imagecas_stenosis_project\data\train\images\250.nii.gz,C:\Users\edimv\Desktop\imagecas_stenosis_project\data\train\masks\250.nii.gz,train
251,C:\Users\edimv\Desktop\imagecas_stenosis_project\data\train\images\251.nii.gz,C:\Users\edimv\Desktop\imagecas_stenosis_project\data\train\masks\251.nii.gz,train
252,C:\Users\edimv\Desktop\imagecas_stenosis_project\data\train\images\252.nii.gz,C:\Users\edimv\Desktop\imagecas_stenosis_project\data\train\masks\252.nii.gz,train
253,C:\Users\edimv\Desktop\imagecas_stenosis_project\data\train\images\253.nii.gz,C:\Users\edimv\Desktop\imagecas_stenosis_project\data\train\masks\253.nii.gz,train
254,C:\Users\edimv\Desktop\imagecas_stenosis_project\data\train\images\254.nii.gz,C:\Users\edimv\Desktop\imagecas_stenosis_project\data\train\masks\254.nii.gz,train
255,C:\Users\edimv\Desktop\imagecas_stenosis_project\data\test\images\255.nii.gz,C:\Users\edimv\Desktop\imagecas_stenosis_project\data\test\masks\255.nii.gz,test
256,C:\Users\edimv\Desktop\imagecas_stenosis_project\data\train\images\256.nii.gz,C:\Users\edimv\Desktop\imagecas_stenosis_project\data\train\masks\256.nii.gz,train
257,C:\Users\edimv\Desktop\imagecas_stenosis_project\data\train\images\257.nii.gz,C:\Users\edimv\Desktop\imagecas_stenosis_project\data\train\masks\257.nii.gz,train
258,C:\Users\edimv\Desktop\imagecas_stenosis_project\data\train\images\258.nii.gz,C:\Users\edimv\Desktop\imagecas_stenosis_project\data\train\masks\258.nii.gz,train
259,C:\Users\edimv\Desktop\imagecas_stenosis_project\data\train\images\259.nii.gz,C:\Users\edimv\Desktop\imagecas_stenosis_project\data\train\masks\259.nii.gz,train
26,C:\Users\edimv\Desktop\imagecas_stenosis_project\data\train\images\26.nii.gz,C:\Users\edimv\Desktop\imagecas_stenosis_project\data\train\masks\26.nii.gz,train
260,C:\Users\edimv\Desktop\imagecas_stenosis_project\data\train\images\260.nii.gz,C:\Users\edimv\Desktop\imagecas_stenosis_project\data\train\masks\260.nii.gz,train
261,C:\Users\edimv\Desktop\imagecas_stenosis_project\data\train\images\261.nii.gz,C:\Users\edimv\Desktop\imagecas_stenosis_project\data\train\masks\261.nii.gz,train
262,C:\Users\edimv\Desktop\imagecas_stenosis_project\data\train\images\262.nii.gz,C:\Users\edimv\Desktop\imagecas_stenosis_project\data\train\masks\262.nii.gz,train
263,C:\Users\edimv\Desktop\imagecas_stenosis_project\data\train\images\263.nii.gz,C:\Users\edimv\Desktop\imagecas_stenosis_project\data\train\masks\263.nii.gz,train
264,C:\Users\edimv\Desktop\imagecas_stenosis_project\data\test\images\264.nii.gz,C:\Users\edimv\Desktop\imagecas_stenosis_project\data\test\masks\264.nii.gz,test
265,C:\Users\edimv\Desktop\imagecas_stenosis_project\data\train\images\265.nii.gz,C:\Users\edimv\Desktop\imagecas_stenosis_project\data\train\masks\265.nii.gz,train
266,C:\Users\edimv\Desktop\imagecas_stenosis_project\data\train\images\266.nii.gz,C:\Users\edimv\Desktop\imagecas_stenosis_project\data\train\masks\266.nii.gz,train
267,C:\Users\edimv\Desktop\imagecas_stenosis_project\data\train\images\267.nii.gz,C:\Users\edimv\Desktop\imagecas_stenosis_project\data\train\masks\267.nii.gz,train
268,C:\Users\edimv\Desktop\imagecas_stenosis_project\data\train\images\268.nii.gz,C:\Users\edimv\Desktop\imagecas_stenosis_project\data\train\masks\268.nii.gz,train
269,C:\Users\edimv\Desktop\imagecas_stenosis_project\data\train\images\269.nii.gz,C:\Users\edimv\Desktop\imagecas_stenosis_project\data\train\masks\269.nii.gz,train
27,C:\Users\edimv\Desktop\imagecas_stenosis_project\data\train\images\27.nii.gz,C:\Users\edimv\Desktop\imagecas_stenosis_project\data\train\masks\27.nii.gz,train
270,C:\Users\edimv\Desktop\imagecas_stenosis_project\data\train\images\270.nii.gz,C:\Users\edimv\Desktop\imagecas_stenosis_project\data\train\masks\270.nii.gz,train
271,C:\Users\edimv\Desktop\imagecas_stenosis_project\data\train\images\271.nii.gz,C:\Users\edimv\Desktop\imagecas_stenosis_project\data\train\masks\271.nii.gz,train
272,C:\Users\edimv\Desktop\imagecas_stenosis_project\data\train\images\272.nii.gz,C:\Users\edimv\Desktop\imagecas_stenosis_project\data\train\masks\272.nii.gz,train
273,C:\Users\edimv\Desktop\imagecas_stenosis_project\data\train\images\273.nii.gz,C:\Users\edimv\Desktop\imagecas_stenosis_project\data\train\masks\273.nii.gz,train
274,C:\Users\edimv\Desktop\imagecas_stenosis_project\data\train\images\274.nii.gz,C:\Users\edimv\Desktop\imagecas_stenosis_project\data\train\masks\274.nii.gz,train
275,C:\Users\edimv\Desktop\imagecas_stenosis_project\data\train\images\275.nii.gz,C:\Users\edimv\Desktop\imagecas_stenosis_project\data\train\masks\275.nii.gz,train
276,C:\Users\edimv\Desktop\imagecas_stenosis_project\data\train\images\276.nii.gz,C:\Users\edimv\Desktop\imagecas_stenosis_project\data\train\masks\276.nii.gz,train
277,C:\Users\edimv\Desktop\imagecas_stenosis_project\data\test\images\277.nii.gz,C:\Users\edimv\Desktop\imagecas_stenosis_project\data\test\masks\277.nii.gz,test
278,C:\Users\edimv\Desktop\imagecas_stenosis_project\data\test\images\278.nii.gz,C:\Users\edimv\Desktop\imagecas_stenosis_project\data\test\masks\278.nii.gz,test
279,C:\Users\edimv\Desktop\imagecas_stenosis_project\data\train\images\279.nii.gz,C:\Users\edimv\Desktop\imagecas_stenosis_project\data\train\masks\279.nii.gz,train
28,C:\Users\edimv\Desktop\imagecas_stenosis_project\data\train\images\28.nii.gz,C:\Users\edimv\Desktop\imagecas_stenosis_project\data\train\masks\28.nii.gz,train
280,C:\Users\edimv\Desktop\imagecas_stenosis_project\data\train\images\280.nii.gz,C:\Users\edimv\Desktop\imagecas_stenosis_project\data\train\masks\280.nii.gz,train
281,C:\Users\edimv\Desktop\imagecas_stenosis_project\data\train\images\281.nii.gz,C:\Users\edimv\Desktop\imagecas_stenosis_project\data\train\masks\281.nii.gz,train
282,C:\Users\edimv\Desktop\imagecas_stenosis_project\data\train\images\282.nii.gz,C:\Users\edimv\Desktop\imagecas_stenosis_project\data\train\masks\282.nii.gz,train
283,C:\Users\edimv\Desktop\imagecas_stenosis_project\data\train\images\283.nii.gz,C:\Users\edimv\Desktop\imagecas_stenosis_project\data\train\masks\283.nii.gz,train
284,C:\Users\edimv\Desktop\imagecas_stenosis_project\data\train\images\284.nii.gz,C:\Users\edimv\Desktop\imagecas_stenosis_project\data\train\masks\284.nii.gz,train
285,C:\Users\edimv\Desktop\imagecas_stenosis_project\data\train\images\285.nii.gz,C:\Users\edimv\Desktop\imagecas_stenosis_project\data\train\masks\285.nii.gz,train
286,C:\Users\edimv\Desktop\imagecas_stenosis_project\data\test\images\286.nii.gz,C:\Users\edimv\Desktop\imagecas_stenosis_project\data\test\masks\286.nii.gz,test
287,C:\Users\edimv\Desktop\imagecas_stenosis_project\data\test\images\287.nii.gz,C:\Users\edimv\Desktop\imagecas_stenosis_project\data\test\masks\287.nii.gz,test
288,C:\Users\edimv\Desktop\imagecas_stenosis_project\data\test\images\288.nii.gz,C:\Users\edimv\Desktop\imagecas_stenosis_project\data\test\masks\288.nii.gz,test
289,C:\Users\edimv\Desktop\imagecas_stenosis_project\data\train\images\289.nii.gz,C:\Users\edimv\Desktop\imagecas_stenosis_project\data\train\masks\289.nii.gz,train
29,C:\Users\edimv\Desktop\imagecas_stenosis_project\data\train\images\29.nii.gz,C:\Users\edimv\Desktop\imagecas_stenosis_project\data\train\masks\29.nii.gz,train
290,C:\Users\edimv\Desktop\imagecas_stenosis_project\data\test\images\290.nii.gz,C:\Users\edimv\Desktop\imagecas_stenosis_project\data\test\masks\290.nii.gz,test
291,C:\Users\edimv\Desktop\imagecas_stenosis_project\data\train\images\291.nii.gz,C:\Users\edimv\Desktop\imagecas_stenosis_project\data\train\masks\291.nii.gz,train
292,C:\Users\edimv\Desktop\imagecas_stenosis_project\data\test\images\292.nii.gz,C:\Users\edimv\Desktop\imagecas_stenosis_project\data\test\masks\292.nii.gz,test
293,C:\Users\edimv\Desktop\imagecas_stenosis_project\data\train\images\293.nii.gz,C:\Users\edimv\Desktop\imagecas_stenosis_project\data\train\masks\293.nii.gz,train
294,C:\Users\edimv\Desktop\imagecas_stenosis_project\data\train\images\294.nii.gz,C:\Users\edimv\Desktop\imagecas_stenosis_project\data\train\masks\294.nii.gz,train
295,C:\Users\edimv\Desktop\imagecas_stenosis_project\data\test\images\295.nii.gz,C:\Users\edimv\Desktop\imagecas_stenosis_project\data\test\masks\295.nii.gz,test
296,C:\Users\edimv\Desktop\imagecas_stenosis_project\data\train\images\296.nii.gz,C:\Users\edimv\Desktop\imagecas_stenosis_project\data\train\masks\296.nii.gz,train
297,C:\Users\edimv\Desktop\imagecas_stenosis_project\data\train\images\297.nii.gz,C:\Users\edimv\Desktop\imagecas_stenosis_project\data\train\masks\297.nii.gz,train
298,C:\Users\edimv\Desktop\imagecas_stenosis_project\data\test\images\298.nii.gz,C:\Users\edimv\Desktop\imagecas_stenosis_project\data\test\masks\298.nii.gz,test
299,C:\Users\edimv\Desktop\imagecas_stenosis_project\data\train\images\299.nii.gz,C:\Users\edimv\Desktop\imagecas_stenosis_project\data\train\masks\299.nii.gz,train
3,C:\Users\edimv\Desktop\imagecas_stenosis_project\data\train\images\3.nii.gz,C:\Users\edimv\Desktop\imagecas_stenosis_project\data\train\masks\3.nii.gz,train
30,C:\Users\edimv\Desktop\imagecas_stenosis_project\data\train\images\30.nii.gz,C:\Users\edimv\Desktop\imagecas_stenosis_project\data\train\masks\30.nii.gz,train
300,C:\Users\edimv\Desktop\imagecas_stenosis_project\data\train\images\300.nii.gz,C:\Users\edimv\Desktop\imagecas_stenosis_project\data\train\masks\300.nii.gz,train
301,C:\Users\edimv\Desktop\imagecas_stenosis_project\data\train\images\301.nii.gz,C:\Users\edimv\Desktop\imagecas_stenosis_project\data\train\masks\301.nii.gz,train
302,C:\Users\edimv\Desktop\imagecas_stenosis_project\data\train\images\302.nii.gz,C:\Users\edimv\Desktop\imagecas_stenosis_project\data\train\masks\302.nii.gz,train
303,C:\Users\edimv\Desktop\imagecas_stenosis_project\data\train\images\303.nii.gz,C:\Users\edimv\Desktop\imagecas_stenosis_project\data\train\masks\303.nii.gz,train
304,C:\Users\edimv\Desktop\imagecas_stenosis_project\data\train\images\304.nii.gz,C:\Users\edimv\Desktop\imagecas_stenosis_project\data\train\masks\304.nii.gz,train
305,C:\Users\edimv\Desktop\imagecas_stenosis_project\data\train\images\305.nii.gz,C:\Users\edimv\Desktop\imagecas_stenosis_project\data\train\masks\305.nii.gz,train
306,C:\Users\edimv\Desktop\imagecas_stenosis_project\data\train\images\306.nii.gz,C:\Users\edimv\Desktop\imagecas_stenosis_project\data\train\masks\306.nii.gz,train
307,C:\Users\edimv\Desktop\imagecas_stenosis_project\data\train\images\307.nii.gz,C:\Users\edimv\Desktop\imagecas_stenosis_project\data\train\masks\307.nii.gz,train
308,C:\Users\edimv\Desktop\imagecas_stenosis_project\data\train\images\308.nii.gz,C:\Users\edimv\Desktop\imagecas_stenosis_project\data\train\masks\308.nii.gz,train
309,C:\Users\edimv\Desktop\imagecas_stenosis_project\data\train\images\309.nii.gz,C:\Users\edimv\Desktop\imagecas_stenosis_project\data\train\masks\309.nii.gz,train
31,C:\Users\edimv\Desktop\imagecas_stenosis_project\data\test\images\31.nii.gz,C:\Users\edimv\Desktop\imagecas_stenosis_project\data\test\masks\31.nii.gz,test
310,C:\Users\edimv\Desktop\imagecas_stenosis_project\data\train\images\310.nii.gz,C:\Users\edimv\Desktop\imagecas_stenosis_project\data\train\masks\310.nii.gz,train
311,C:\Users\edimv\Desktop\imagecas_stenosis_project\data\test\images\311.nii.gz,C:\Users\edimv\Desktop\imagecas_stenosis_project\data\test\masks\311.nii.gz,test
312,C:\Users\edimv\Desktop\imagecas_stenosis_project\data\train\images\312.nii.gz,C:\Users\edimv\Desktop\imagecas_stenosis_project\data\train\masks\312.nii.gz,train
313,C:\Users\edimv\Desktop\imagecas_stenosis_project\data\train\images\313.nii.gz,C:\Users\edimv\Desktop\imagecas_stenosis_project\data\train\masks\313.nii.gz,train
314,C:\Users\edimv\Desktop\imagecas_stenosis_project\data\train\images\314.nii.gz,C:\Users\edimv\Desktop\imagecas_stenosis_project\data\train\masks\314.nii.gz,train
315,C:\Users\edimv\Desktop\imagecas_stenosis_project\data\train\images\315.nii.gz,C:\Users\edimv\Desktop\imagecas_stenosis_project\data\train\masks\315.nii.gz,train
316,C:\Users\edimv\Desktop\imagecas_stenosis_project\data\train\images\316.nii.gz,C:\Users\edimv\Desktop\imagecas_stenosis_project\data\train\masks\316.nii.gz,train
317,C:\Users\edimv\Desktop\imagecas_stenosis_project\data\train\images\317.nii.gz,C:\Users\edimv\Desktop\imagecas_stenosis_project\data\train\masks\317.nii.gz,train
318,C:\Users\edimv\Desktop\imagecas_stenosis_project\data\test\images\318.nii.gz,C:\Users\edimv\Desktop\imagecas_stenosis_project\data\test\masks\318.nii.gz,test
319,C:\Users\edimv\Desktop\imagecas_stenosis_project\data\train\images\319.nii.gz,C:\Users\edimv\Desktop\imagecas_stenosis_project\data\train\masks\319.nii.gz,train
32,C:\Users\edimv\Desktop\imagecas_stenosis_project\data\train\images\32.nii.gz,C:\Users\edimv\Desktop\imagecas_stenosis_project\data\train\masks\32.nii.gz,train
320,C:\Users\edimv\Desktop\imagecas_stenosis_project\data\test\images\320.nii.gz,C:\Users\edimv\Desktop\imagecas_stenosis_project\data\test\masks\320.nii.gz,test
321,C:\Users\edimv\Desktop\imagecas_stenosis_project\data\train\images\321.nii.gz,C:\Users\edimv\Desktop\imagecas_stenosis_project\data\train\masks\321.nii.gz,train
322,C:\Users\edimv\Desktop\imagecas_stenosis_project\data\train\images\322.nii.gz,C:\Users\edimv\Desktop\imagecas_stenosis_project\data\train\masks\322.nii.gz,train
323,C:\Users\edimv\Desktop\imagecas_stenosis_project\data\train\images\323.nii.gz,C:\Users\edimv\Desktop\imagecas_stenosis_project\data\train\masks\323.nii.gz,train
324,C:\Users\edimv\Desktop\imagecas_stenosis_project\data\train\images\324.nii.gz,C:\Users\edimv\Desktop\imagecas_stenosis_project\data\train\masks\324.nii.gz,train
325,C:\Users\edimv\Desktop\imagecas_stenosis_project\data\train\images\325.nii.gz,C:\Users\edimv\Desktop\imagecas_stenosis_project\data\train\masks\325.nii.gz,train
326,C:\Users\edimv\Desktop\imagecas_stenosis_project\data\train\images\326.nii.gz,C:\Users\edimv\Desktop\imagecas_stenosis_project\data\train\masks\326.nii.gz,train
327,C:\Users\edimv\Desktop\imagecas_stenosis_project\data\test\images\327.nii.gz,C:\Users\edimv\Desktop\imagecas_stenosis_project\data\test\masks\327.nii.gz,test
328,C:\Users\edimv\Desktop\imagecas_stenosis_project\data\train\images\328.nii.gz,C:\Users\edimv\Desktop\imagecas_stenosis_project\data\train\masks\328.nii.gz,train
329,C:\Users\edimv\Desktop\imagecas_stenosis_project\data\test\images\329.nii.gz,C:\Users\edimv\Desktop\imagecas_stenosis_project\data\test\masks\329.nii.gz,test
33,C:\Users\edimv\Desktop\imagecas_stenosis_project\data\train\images\33.nii.gz,C:\Users\edimv\Desktop\imagecas_stenosis_project\data\train\masks\33.nii.gz,train
330,C:\Users\edimv\Desktop\imagecas_stenosis_project\data\train\images\330.nii.gz,C:\Users\edimv\Desktop\imagecas_stenosis_project\data\train\masks\330.nii.gz,train
331,C:\Users\edimv\Desktop\imagecas_stenosis_project\data\test\images\331.nii.gz,C:\Users\edimv\Desktop\imagecas_stenosis_project\data\test\masks\331.nii.gz,test
332,C:\Users\edimv\Desktop\imagecas_stenosis_project\data\test\images\332.nii.gz,C:\Users\edimv\Desktop\imagecas_stenosis_project\data\test\masks\332.nii.gz,test
333,C:\Users\edimv\Desktop\imagecas_stenosis_project\data\test\images\333.nii.gz,C:\Users\edimv\Desktop\imagecas_stenosis_project\data\test\masks\333.nii.gz,test
334,C:\Users\edimv\Desktop\imagecas_stenosis_project\data\train\images\334.nii.gz,C:\Users\edimv\Desktop\imagecas_stenosis_project\data\train\masks\334.nii.gz,train
335,C:\Users\edimv\Desktop\imagecas_stenosis_project\data\train\images\335.nii.gz,C:\Users\edimv\Desktop\imagecas_stenosis_project\data\train\masks\335.nii.gz,train
336,C:\Users\edimv\Desktop\imagecas_stenosis_project\data\train\images\336.nii.gz,C:\Users\edimv\Desktop\imagecas_stenosis_project\data\train\masks\336.nii.gz,train
337,C:\Users\edimv\Desktop\imagecas_stenosis_project\data\test\images\337.nii.gz,C:\Users\edimv\Desktop\imagecas_stenosis_project\data\test\masks\337.nii.gz,test
338,C:\Users\edimv\Desktop\imagecas_stenosis_project\data\train\images\338.nii.gz,C:\Users\edimv\Desktop\imagecas_stenosis_project\data\train\masks\338.nii.gz,train
339,C:\Users\edimv\Desktop\imagecas_stenosis_project\data\train\images\339.nii.gz,C:\Users\edimv\Desktop\imagecas_stenosis_project\data\train\masks\339.nii.gz,train
34,C:\Users\edimv\Desktop\imagecas_stenosis_project\data\train\images\34.nii.gz,C:\Users\edimv\Desktop\imagecas_stenosis_project\data\train\masks\34.nii.gz,train
340,C:\Users\edimv\Desktop\imagecas_stenosis_project\data\train\images\340.nii.gz,C:\Users\edimv\Desktop\imagecas_stenosis_project\data\train\masks\340.nii.gz,train
341,C:\Users\edimv\Desktop\imagecas_stenosis_project\data\train\images\341.nii.gz,C:\Users\edimv\Desktop\imagecas_stenosis_project\data\train\masks\341.nii.gz,train
342,C:\Users\edimv\Desktop\imagecas_stenosis_project\data\train\images\342.nii.gz,C:\Users\edimv\Desktop\imagecas_stenosis_project\data\train\masks\342.nii.gz,train
343,C:\Users\edimv\Desktop\imagecas_stenosis_project\data\train\images\343.nii.gz,C:\Users\edimv\Desktop\imagecas_stenosis_project\data\train\masks\343.nii.gz,train
344,C:\Users\edimv\Desktop\imagecas_stenosis_project\data\train\images\344.nii.gz,C:\Users\edimv\Desktop\imagecas_stenosis_project\data\train\masks\344.nii.gz,train
345,C:\Users\edimv\Desktop\imagecas_stenosis_project\data\train\images\345.nii.gz,C:\Users\edimv\Desktop\imagecas_stenosis_project\data\train\masks\345.nii.gz,train
346,C:\Users\edimv\Desktop\imagecas_stenosis_project\data\test\images\346.nii.gz,C:\Users\edimv\Desktop\imagecas_stenosis_project\data\test\masks\346.nii.gz,test
347,C:\Users\edimv\Desktop\imagecas_stenosis_project\data\train\images\347.nii.gz,C:\Users\edimv\Desktop\imagecas_stenosis_project\data\train\masks\347.nii.gz,train
348,C:\Users\edimv\Desktop\imagecas_stenosis_project\data\test\images\348.nii.gz,C:\Users\edimv\Desktop\imagecas_stenosis_project\data\test\masks\348.nii.gz,test
349,C:\Users\edimv\Desktop\imagecas_stenosis_project\data\train\images\349.nii.gz,C:\Users\edimv\Desktop\imagecas_stenosis_project\data\train\masks\349.nii.gz,train
35,C:\Users\edimv\Desktop\imagecas_stenosis_project\data\train\images\35.nii.gz,C:\Users\edimv\Desktop\imagecas_stenosis_project\data\train\masks\35.nii.gz,train
350,C:\Users\edimv\Desktop\imagecas_stenosis_project\data\test\images\350.nii.gz,C:\Users\edimv\Desktop\imagecas_stenosis_project\data\test\masks\350.nii.gz,test
351,C:\Users\edimv\Desktop\imagecas_stenosis_project\data\test\images\351.nii.gz,C:\Users\edimv\Desktop\imagecas_stenosis_project\data\test\masks\351.nii.gz,test
352,C:\Users\edimv\Desktop\imagecas_stenosis_project\data\train\images\352.nii.gz,C:\Users\edimv\Desktop\imagecas_stenosis_project\data\train\masks\352.nii.gz,train
353,C:\Users\edimv\Desktop\imagecas_stenosis_project\data\train\images\353.nii.gz,C:\Users\edimv\Desktop\imagecas_stenosis_project\data\train\masks\353.nii.gz,train
354,C:\Users\edimv\Desktop\imagecas_stenosis_project\data\train\images\354.nii.gz,C:\Users\edimv\Desktop\imagecas_stenosis_project\data\train\masks\354.nii.gz,train
355,C:\Users\edimv\Desktop\imagecas_stenosis_project\data\train\images\355.nii.gz,C:\Users\edimv\Desktop\imagecas_stenosis_project\data\train\masks\355.nii.gz,train
356,C:\Users\edimv\Desktop\imagecas_stenosis_project\data\train\images\356.nii.gz,C:\Users\edimv\Desktop\imagecas_stenosis_project\data\train\masks\356.nii.gz,train
357,C:\Users\edimv\Desktop\imagecas_stenosis_project\data\train\images\357.nii.gz,C:\Users\edimv\Desktop\imagecas_stenosis_project\data\train\masks\357.nii.gz,train
358,C:\Users\edimv\Desktop\imagecas_stenosis_project\data\train\images\358.nii.gz,C:\Users\edimv\Desktop\imagecas_stenosis_project\data\train\masks\358.nii.gz,train
359,C:\Users\edimv\Desktop\imagecas_stenosis_project\data\test\images\359.nii.gz,C:\Users\edimv\Desktop\imagecas_stenosis_project\data\test\masks\359.nii.gz,test
36,C:\Users\edimv\Desktop\imagecas_stenosis_project\data\train\images\36.nii.gz,C:\Users\edimv\Desktop\imagecas_stenosis_project\data\train\masks\36.nii.gz,train
360,C:\Users\edimv\Desktop\imagecas_stenosis_project\data\train\images\360.nii.gz,C:\Users\edimv\Desktop\imagecas_stenosis_project\data\train\masks\360.nii.gz,train
361,C:\Users\edimv\Desktop\imagecas_stenosis_project\data\test\images\361.nii.gz,C:\Users\edimv\Desktop\imagecas_stenosis_project\data\test\masks\361.nii.gz,test
362,C:\Users\edimv\Desktop\imagecas_stenosis_project\data\train\images\362.nii.gz,C:\Users\edimv\Desktop\imagecas_stenosis_project\data\train\masks\362.nii.gz,train
363,C:\Users\edimv\Desktop\imagecas_stenosis_project\data\test\images\363.nii.gz,C:\Users\edimv\Desktop\imagecas_stenosis_project\data\test\masks\363.nii.gz,test
364,C:\Users\edimv\Desktop\imagecas_stenosis_project\data\train\images\364.nii.gz,C:\Users\edimv\Desktop\imagecas_stenosis_project\data\train\masks\364.nii.gz,train
365,C:\Users\edimv\Desktop\imagecas_stenosis_project\data\test\images\365.nii.gz,C:\Users\edimv\Desktop\imagecas_stenosis_project\data\test\masks\365.nii.gz,test
366,C:\Users\edimv\Desktop\imagecas_stenosis_project\data\train\images\366.nii.gz,C:\Users\edimv\Desktop\imagecas_stenosis_project\data\train\masks\366.nii.gz,train
367,C:\Users\edimv\Desktop\imagecas_stenosis_project\data\test\images\367.nii.gz,C:\Users\edimv\Desktop\imagecas_stenosis_project\data\test\masks\367.nii.gz,test
368,C:\Users\edimv\Desktop\imagecas_stenosis_project\data\test\images\368.nii.gz,C:\Users\edimv\Desktop\imagecas_stenosis_project\data\test\masks\368.nii.gz,test
369,C:\Users\edimv\Desktop\imagecas_stenosis_project\data\train\images\369.nii.gz,C:\Users\edimv\Desktop\imagecas_stenosis_project\data\train\masks\369.nii.gz,train
37,C:\Users\edimv\Desktop\imagecas_stenosis_project\data\train\images\37.nii.gz,C:\Users\edimv\Desktop\imagecas_stenosis_project\data\train\masks\37.nii.gz,train
370,C:\Users\edimv\Desktop\imagecas_stenosis_project\data\train\images\370.nii.gz,C:\Users\edimv\Desktop\imagecas_stenosis_project\data\train\masks\370.nii.gz,train
371,C:\Users\edimv\Desktop\imagecas_stenosis_project\data\train\images\371.nii.gz,C:\Users\edimv\Desktop\imagecas_stenosis_project\data\train\masks\371.nii.gz,train
372,C:\Users\edimv\Desktop\imagecas_stenosis_project\data\train\images\372.nii.gz,C:\Users\edimv\Desktop\imagecas_stenosis_project\data\train\masks\372.nii.gz,train
373,C:\Users\edimv\Desktop\imagecas_stenosis_project\data\train\images\373.nii.gz,C:\Users\edimv\Desktop\imagecas_stenosis_project\data\train\masks\373.nii.gz,train
374,C:\Users\edimv\Desktop\imagecas_stenosis_project\data\train\images\374.nii.gz,C:\Users\edimv\Desktop\imagecas_stenosis_project\data\train\masks\374.nii.gz,train
375,C:\Users\edimv\Desktop\imagecas_stenosis_project\data\test\images\375.nii.gz,C:\Users\edimv\Desktop\imagecas_stenosis_project\data\test\masks\375.nii.gz,test
376,C:\Users\edimv\Desktop\imagecas_stenosis_project\data\train\images\376.nii.gz,C:\Users\edimv\Desktop\imagecas_stenosis_project\data\train\masks\376.nii.gz,train
377,C:\Users\edimv\Desktop\imagecas_stenosis_project\data\test\images\377.nii.gz,C:\Users\edimv\Desktop\imagecas_stenosis_project\data\test\masks\377.nii.gz,test
378,C:\Users\edimv\Desktop\imagecas_stenosis_project\data\test\images\378.nii.gz,C:\Users\edimv\Desktop\imagecas_stenosis_project\data\test\masks\378.nii.gz,test
379,C:\Users\edimv\Desktop\imagecas_stenosis_project\data\train\images\379.nii.gz,C:\Users\edimv\Desktop\imagecas_stenosis_project\data\train\masks\379.nii.gz,train
38,C:\Users\edimv\Desktop\imagecas_stenosis_project\data\test\images\38.nii.gz,C:\Users\edimv\Desktop\imagecas_stenosis_project\data\test\masks\38.nii.gz,test
380,C:\Users\edimv\Desktop\imagecas_stenosis_project\data\train\images\380.nii.gz,C:\Users\edimv\Desktop\imagecas_stenosis_project\data\train\masks\380.nii.gz,train
381,C:\Users\edimv\Desktop\imagecas_stenosis_project\data\test\images\381.nii.gz,C:\Users\edimv\Desktop\imagecas_stenosis_project\data\test\masks\381.nii.gz,test
382,C:\Users\edimv\Desktop\imagecas_stenosis_project\data\train\images\382.nii.gz,C:\Users\edimv\Desktop\imagecas_stenosis_project\data\train\masks\382.nii.gz,train
383,C:\Users\edimv\Desktop\imagecas_stenosis_project\data\train\images\383.nii.gz,C:\Users\edimv\Desktop\imagecas_stenosis_project\data\train\masks\383.nii.gz,train
384,C:\Users\edimv\Desktop\imagecas_stenosis_project\data\train\images\384.nii.gz,C:\Users\edimv\Desktop\imagecas_stenosis_project\data\train\masks\384.nii.gz,train
385,C:\Users\edimv\Desktop\imagecas_stenosis_project\data\test\images\385.nii.gz,C:\Users\edimv\Desktop\imagecas_stenosis_project\data\test\masks\385.nii.gz,test
386,C:\Users\edimv\Desktop\imagecas_stenosis_project\data\test\images\386.nii.gz,C:\Users\edimv\Desktop\imagecas_stenosis_project\data\test\masks\386.nii.gz,test
387,C:\Users\edimv\Desktop\imagecas_stenosis_project\data\train\images\387.nii.gz,C:\Users\edimv\Desktop\imagecas_stenosis_project\data\train\masks\387.nii.gz,train
388,C:\Users\edimv\Desktop\imagecas_stenosis_project\data\test\images\388.nii.gz,C:\Users\edimv\Desktop\imagecas_stenosis_project\data\test\masks\388.nii.gz,test
389,C:\Users\edimv\Desktop\imagecas_stenosis_project\data\train\images\389.nii.gz,C:\Users\edimv\Desktop\imagecas_stenosis_project\data\train\masks\389.nii.gz,train
39,C:\Users\edimv\Desktop\imagecas_stenosis_project\data\train\images\39.nii.gz,C:\Users\edimv\Desktop\imagecas_stenosis_project\data\train\masks\39.nii.gz,train
390,C:\Users\edimv\Desktop\imagecas_stenosis_project\data\train\images\390.nii.gz,C:\Users\edimv\Desktop\imagecas_stenosis_project\data\train\masks\390.nii.gz,train
391,C:\Users\edimv\Desktop\imagecas_stenosis_project\data\train\images\391.nii.gz,C:\Users\edimv\Desktop\imagecas_stenosis_project\data\train\masks\391.nii.gz,train
392,C:\Users\edimv\Desktop\imagecas_stenosis_project\data\train\images\392.nii.gz,C:\Users\edimv\Desktop\imagecas_stenosis_project\data\train\masks\392.nii.gz,train
393,C:\Users\edimv\Desktop\imagecas_stenosis_project\data\test\images\393.nii.gz,C:\Users\edimv\Desktop\imagecas_stenosis_project\data\test\masks\393.nii.gz,test
394,C:\Users\edimv\Desktop\imagecas_stenosis_project\data\test\images\394.nii.gz,C:\Users\edimv\Desktop\imagecas_stenosis_project\data\test\masks\394.nii.gz,test
395,C:\Users\edimv\Desktop\imagecas_stenosis_project\data\train\images\395.nii.gz,C:\Users\edimv\Desktop\imagecas_stenosis_project\data\train\masks\395.nii.gz,train
396,C:\Users\edimv\Desktop\imagecas_stenosis_project\data\train\images\396.nii.gz,C:\Users\edimv\Desktop\imagecas_stenosis_project\data\train\masks\396.nii.gz,train
397,C:\Users\edimv\Desktop\imagecas_stenosis_project\data\train\images\397.nii.gz,C:\Users\edimv\Desktop\imagecas_stenosis_project\data\train\masks\397.nii.gz,train
398,C:\Users\edimv\Desktop\imagecas_stenosis_project\data\test\images\398.nii.gz,C:\Users\edimv\Desktop\imagecas_stenosis_project\data\test\masks\398.nii.gz,test
399,C:\Users\edimv\Desktop\imagecas_stenosis_project\data\train\images\399.nii.gz,C:\Users\edimv\Desktop\imagecas_stenosis_project\data\train\masks\399.nii.gz,train
4,C:\Users\edimv\Desktop\imagecas_stenosis_project\data\train\images\4.nii.gz,C:\Users\edimv\Desktop\imagecas_stenosis_project\data\train\masks\4.nii.gz,train
40,C:\Users\edimv\Desktop\imagecas_stenosis_project\data\train\images\40.nii.gz,C:\Users\edimv\Desktop\imagecas_stenosis_project\data\train\masks\40.nii.gz,train
400,C:\Users\edimv\Desktop\imagecas_stenosis_project\data\train\images\400.nii.gz,C:\Users\edimv\Desktop\imagecas_stenosis_project\data\train\masks\400.nii.gz,train
401,C:\Users\edimv\Desktop\imagecas_stenosis_project\data\train\images\401.nii.gz,C:\Users\edimv\Desktop\imagecas_stenosis_project\data\train\masks\401.nii.gz,train
402,C:\Users\edimv\Desktop\imagecas_stenosis_project\data\train\images\402.nii.gz,C:\Users\edimv\Desktop\imagecas_stenosis_project\data\train\masks\402.nii.gz,train
403,C:\Users\edimv\Desktop\imagecas_stenosis_project\data\train\images\403.nii.gz,C:\Users\edimv\Desktop\imagecas_stenosis_project\data\train\masks\403.nii.gz,train
404,C:\Users\edimv\Desktop\imagecas_stenosis_project\data\train\images\404.nii.gz,C:\Users\edimv\Desktop\imagecas_stenosis_project\data\train\masks\404.nii.gz,train
405,C:\Users\edimv\Desktop\imagecas_stenosis_project\data\train\images\405.nii.gz,C:\Users\edimv\Desktop\imagecas_stenosis_project\data\train\masks\405.nii.gz,train
406,C:\Users\edimv\Desktop\imagecas_stenosis_project\data\train\images\406.nii.gz,C:\Users\edimv\Desktop\imagecas_stenosis_project\data\train\masks\406.nii.gz,train
407,C:\Users\edimv\Desktop\imagecas_stenosis_project\data\train\images\407.nii.gz,C:\Users\edimv\Desktop\imagecas_stenosis_project\data\train\masks\407.nii.gz,train
408,C:\Users\edimv\Desktop\imagecas_stenosis_project\data\train\images\408.nii.gz,C:\Users\edimv\Desktop\imagecas_stenosis_project\data\train\masks\408.nii.gz,train
409,C:\Users\edimv\Desktop\imagecas_stenosis_project\data\train\images\409.nii.gz,C:\Users\edimv\Desktop\imagecas_stenosis_project\data\train\masks\409.nii.gz,train
41,C:\Users\edimv\Desktop\imagecas_stenosis_project\data\test\images\41.nii.gz,C:\Users\edimv\Desktop\imagecas_stenosis_project\data\test\masks\41.nii.gz,test
410,C:\Users\edimv\Desktop\imagecas_stenosis_project\data\train\images\410.nii.gz,C:\Users\edimv\Desktop\imagecas_stenosis_project\data\train\masks\410.nii.gz,train
411,C:\Users\edimv\Desktop\imagecas_stenosis_project\data\train\images\411.nii.gz,C:\Users\edimv\Desktop\imagecas_stenosis_project\data\train\masks\411.nii.gz,train
412,C:\Users\edimv\Desktop\imagecas_stenosis_project\data\train\images\412.nii.gz,C:\Users\edimv\Desktop\imagecas_stenosis_project\data\train\masks\412.nii.gz,train
413,C:\Users\edimv\Desktop\imagecas_stenosis_project\data\train\images\413.nii.gz,C:\Users\edimv\Desktop\imagecas_stenosis_project\data\train\masks\413.nii.gz,train
414,C:\Users\edimv\Desktop\imagecas_stenosis_project\data\test\images\414.nii.gz,C:\Users\edimv\Desktop\imagecas_stenosis_project\data\test\masks\414.nii.gz,test
415,C:\Users\edimv\Desktop\imagecas_stenosis_project\data\train\images\415.nii.gz,C:\Users\edimv\Desktop\imagecas_stenosis_project\data\train\masks\415.nii.gz,train
416,C:\Users\edimv\Desktop\imagecas_stenosis_project\data\train\images\416.nii.gz,C:\Users\edimv\Desktop\imagecas_stenosis_project\data\train\masks\416.nii.gz,train
417,C:\Users\edimv\Desktop\imagecas_stenosis_project\data\train\images\417.nii.gz,C:\Users\edimv\Desktop\imagecas_stenosis_project\data\train\masks\417.nii.gz,train
418,C:\Users\edimv\Desktop\imagecas_stenosis_project\data\test\images\418.nii.gz,C:\Users\edimv\Desktop\imagecas_stenosis_project\data\test\masks\418.nii.gz,test
419,C:\Users\edimv\Desktop\imagecas_stenosis_project\data\train\images\419.nii.gz,C:\Users\edimv\Desktop\imagecas_stenosis_project\data\train\masks\419.nii.gz,train
42,C:\Users\edimv\Desktop\imagecas_stenosis_project\data\train\images\42.nii.gz,C:\Users\edimv\Desktop\imagecas_stenosis_project\data\train\masks\42.nii.gz,train
420,C:\Users\edimv\Desktop\imagecas_stenosis_project\data\train\images\420.nii.gz,C:\Users\edimv\Desktop\imagecas_stenosis_project\data\train\masks\420.nii.gz,train
421,C:\Users\edimv\Desktop\imagecas_stenosis_project\data\train\images\421.nii.gz,C:\Users\edimv\Desktop\imagecas_stenosis_project\data\train\masks\421.nii.gz,train
422,C:\Users\edimv\Desktop\imagecas_stenosis_project\data\train\images\422.nii.gz,C:\Users\edimv\Desktop\imagecas_stenosis_project\data\train\masks\422.nii.gz,train
423,C:\Users\edimv\Desktop\imagecas_stenosis_project\data\test\images\423.nii.gz,C:\Users\edimv\Desktop\imagecas_stenosis_project\data\test\masks\423.nii.gz,test
424,C:\Users\edimv\Desktop\imagecas_stenosis_project\data\train\images\424.nii.gz,C:\Users\edimv\Desktop\imagecas_stenosis_project\data\train\masks\424.nii.gz,train
425,C:\Users\edimv\Desktop\imagecas_stenosis_project\data\test\images\425.nii.gz,C:\Users\edimv\Desktop\imagecas_stenosis_project\data\test\masks\425.nii.gz,test
426,C:\Users\edimv\Desktop\imagecas_stenosis_project\data\train\images\426.nii.gz,C:\Users\edimv\Desktop\imagecas_stenosis_project\data\train\masks\426.nii.gz,train
427,C:\Users\edimv\Desktop\imagecas_stenosis_project\data\test\images\427.nii.gz,C:\Users\edimv\Desktop\imagecas_stenosis_project\data\test\masks\427.nii.gz,test
428,C:\Users\edimv\Desktop\imagecas_stenosis_project\data\train\images\428.nii.gz,C:\Users\edimv\Desktop\imagecas_stenosis_project\data\train\masks\428.nii.gz,train
429,C:\Users\edimv\Desktop\imagecas_stenosis_project\data\train\images\429.nii.gz,C:\Users\edimv\Desktop\imagecas_stenosis_project\data\train\masks\429.nii.gz,train
43,C:\Users\edimv\Desktop\imagecas_stenosis_project\data\train\images\43.nii.gz,C:\Users\edimv\Desktop\imagecas_stenosis_project\data\train\masks\43.nii.gz,train
430,C:\Users\edimv\Desktop\imagecas_stenosis_project\data\train\images\430.nii.gz,C:\Users\edimv\Desktop\imagecas_stenosis_project\data\train\masks\430.nii.gz,train
431,C:\Users\edimv\Desktop\imagecas_stenosis_project\data\test\images\431.nii.gz,C:\Users\edimv\Desktop\imagecas_stenosis_project\data\test\masks\431.nii.gz,test
432,C:\Users\edimv\Desktop\imagecas_stenosis_project\data\test\images\432.nii.gz,C:\Users\edimv\Desktop\imagecas_stenosis_project\data\test\masks\432.nii.gz,test
433,C:\Users\edimv\Desktop\imagecas_stenosis_project\data\train\images\433.nii.gz,C:\Users\edimv\Desktop\imagecas_stenosis_project\data\train\masks\433.nii.gz,train
434,C:\Users\edimv\Desktop\imagecas_stenosis_project\data\train\images\434.nii.gz,C:\Users\edimv\Desktop\imagecas_stenosis_project\data\train\masks\434.nii.gz,train
435,C:\Users\edimv\Desktop\imagecas_stenosis_project\data\train\images\435.nii.gz,C:\Users\edimv\Desktop\imagecas_stenosis_project\data\train\masks\435.nii.gz,train
436,C:\Users\edimv\Desktop\imagecas_stenosis_project\data\train\images\436.nii.gz,C:\Users\edimv\Desktop\imagecas_stenosis_project\data\train\masks\436.nii.gz,train
437,C:\Users\edimv\Desktop\imagecas_stenosis_project\data\train\images\437.nii.gz,C:\Users\edimv\Desktop\imagecas_stenosis_project\data\train\masks\437.nii.gz,train
438,C:\Users\edimv\Desktop\imagecas_stenosis_project\data\test\images\438.nii.gz,C:\Users\edimv\Desktop\imagecas_stenosis_project\data\test\masks\438.nii.gz,test
439,C:\Users\edimv\Desktop\imagecas_stenosis_project\data\train\images\439.nii.gz,C:\Users\edimv\Desktop\imagecas_stenosis_project\data\train\masks\439.nii.gz,train
44,C:\Users\edimv\Desktop\imagecas_stenosis_project\data\train\images\44.nii.gz,C:\Users\edimv\Desktop\imagecas_stenosis_project\data\train\masks\44.nii.gz,train
440,C:\Users\edimv\Desktop\imagecas_stenosis_project\data\train\images\440.nii.gz,C:\Users\edimv\Desktop\imagecas_stenosis_project\data\train\masks\440.nii.gz,train
441,C:\Users\edimv\Desktop\imagecas_stenosis_project\data\train\images\441.nii.gz,C:\Users\edimv\Desktop\imagecas_stenosis_project\data\train\masks\441.nii.gz,train
442,C:\Users\edimv\Desktop\imagecas_stenosis_project\data\test\images\442.nii.gz,C:\Users\edimv\Desktop\imagecas_stenosis_project\data\test\masks\442.nii.gz,test
443,C:\Users\edimv\Desktop\imagecas_stenosis_project\data\train\images\443.nii.gz,C:\Users\edimv\Desktop\imagecas_stenosis_project\data\train\masks\443.nii.gz,train
444,C:\Users\edimv\Desktop\imagecas_stenosis_project\data\train\images\444.nii.gz,C:\Users\edimv\Desktop\imagecas_stenosis_project\data\train\masks\444.nii.gz,train
445,C:\Users\edimv\Desktop\imagecas_stenosis_project\data\train\images\445.nii.gz,C:\Users\edimv\Desktop\imagecas_stenosis_project\data\train\masks\445.nii.gz,train
446,C:\Users\edimv\Desktop\imagecas_stenosis_project\data\train\images\446.nii.gz,C:\Users\edimv\Desktop\imagecas_stenosis_project\data\train\masks\446.nii.gz,train
447,C:\Users\edimv\Desktop\imagecas_stenosis_project\data\train\images\447.nii.gz,C:\Users\edimv\Desktop\imagecas_stenosis_project\data\train\masks\447.nii.gz,train
448,C:\Users\edimv\Desktop\imagecas_stenosis_project\data\train\images\448.nii.gz,C:\Users\edimv\Desktop\imagecas_stenosis_project\data\train\masks\448.nii.gz,train
449,C:\Users\edimv\Desktop\imagecas_stenosis_project\data\train\images\449.nii.gz,C:\Users\edimv\Desktop\imagecas_stenosis_project\data\train\masks\449.nii.gz,train
45,C:\Users\edimv\Desktop\imagecas_stenosis_project\data\train\images\45.nii.gz,C:\Users\edimv\Desktop\imagecas_stenosis_project\data\train\masks\45.nii.gz,train
450,C:\Users\edimv\Desktop\imagecas_stenosis_project\data\train\images\450.nii.gz,C:\Users\edimv\Desktop\imagecas_stenosis_project\data\train\masks\450.nii.gz,train
451,C:\Users\edimv\Desktop\imagecas_stenosis_project\data\train\images\451.nii.gz,C:\Users\edimv\Desktop\imagecas_stenosis_project\data\train\masks\451.nii.gz,train
452,C:\Users\edimv\Desktop\imagecas_stenosis_project\data\train\images\452.nii.gz,C:\Users\edimv\Desktop\imagecas_stenosis_project\data\train\masks\452.nii.gz,train
453,C:\Users\edimv\Desktop\imagecas_stenosis_project\data\train\images\453.nii.gz,C:\Users\edimv\Desktop\imagecas_stenosis_project\data\train\masks\453.nii.gz,train
454,C:\Users\edimv\Desktop\imagecas_stenosis_project\data\train\images\454.nii.gz,C:\Users\edimv\Desktop\imagecas_stenosis_project\data\train\masks\454.nii.gz,train
455,C:\Users\edimv\Desktop\imagecas_stenosis_project\data\train\images\455.nii.gz,C:\Users\edimv\Desktop\imagecas_stenosis_project\data\train\masks\455.nii.gz,train
456,C:\Users\edimv\Desktop\imagecas_stenosis_project\data\train\images\456.nii.gz,C:\Users\edimv\Desktop\imagecas_stenosis_project\data\train\masks\456.nii.gz,train
457,C:\Users\edimv\Desktop\imagecas_stenosis_project\data\train\images\457.nii.gz,C:\Users\edimv\Desktop\imagecas_stenosis_project\data\train\masks\457.nii.gz,train
458,C:\Users\edimv\Desktop\imagecas_stenosis_project\data\train\images\458.nii.gz,C:\Users\edimv\Desktop\imagecas_stenosis_project\data\train\masks\458.nii.gz,train
459,C:\Users\edimv\Desktop\imagecas_stenosis_project\data\train\images\459.nii.gz,C:\Users\edimv\Desktop\imagecas_stenosis_project\data\train\masks\459.nii.gz,train
46,C:\Users\edimv\Desktop\imagecas_stenosis_project\data\train\images\46.nii.gz,C:\Users\edimv\Desktop\imagecas_stenosis_project\data\train\masks\46.nii.gz,train
460,C:\Users\edimv\Desktop\imagecas_stenosis_project\data\train\images\460.nii.gz,C:\Users\edimv\Desktop\imagecas_stenosis_project\data\train\masks\460.nii.gz,train
461,C:\Users\edimv\Desktop\imagecas_stenosis_project\data\train\images\461.nii.gz,C:\Users\edimv\Desktop\imagecas_stenosis_project\data\train\masks\461.nii.gz,train
462,C:\Users\edimv\Desktop\imagecas_stenosis_project\data\train\images\462.nii.gz,C:\Users\edimv\Desktop\imagecas_stenosis_project\data\train\masks\462.nii.gz,train
463,C:\Users\edimv\Desktop\imagecas_stenosis_project\data\train\images\463.nii.gz,C:\Users\edimv\Desktop\imagecas_stenosis_project\data\train\masks\463.nii.gz,train
464,C:\Users\edimv\Desktop\imagecas_stenosis_project\data\train\images\464.nii.gz,C:\Users\edimv\Desktop\imagecas_stenosis_project\data\train\masks\464.nii.gz,train
465,C:\Users\edimv\Desktop\imagecas_stenosis_project\data\train\images\465.nii.gz,C:\Users\edimv\Desktop\imagecas_stenosis_project\data\train\masks\465.nii.gz,train
466,C:\Users\edimv\Desktop\imagecas_stenosis_project\data\test\images\466.nii.gz,C:\Users\edimv\Desktop\imagecas_stenosis_project\data\test\masks\466.nii.gz,test
467,C:\Users\edimv\Desktop\imagecas_stenosis_project\data\train\images\467.nii.gz,C:\Users\edimv\Desktop\imagecas_stenosis_project\data\train\masks\467.nii.gz,train
468,C:\Users\edimv\Desktop\imagecas_stenosis_project\data\train\images\468.nii.gz,C:\Users\edimv\Desktop\imagecas_stenosis_project\data\train\masks\468.nii.gz,train
469,C:\Users\edimv\Desktop\imagecas_stenosis_project\data\test\images\469.nii.gz,C:\Users\edimv\Desktop\imagecas_stenosis_project\data\test\masks\469.nii.gz,test
47,C:\Users\edimv\Desktop\imagecas_stenosis_project\data\train\images\47.nii.gz,C:\Users\edimv\Desktop\imagecas_stenosis_project\data\train\masks\47.nii.gz,train
470,C:\Users\edimv\Desktop\imagecas_stenosis_project\data\train\images\470.nii.gz,C:\Users\edimv\Desktop\imagecas_stenosis_project\data\train\masks\470.nii.gz,train
471,C:\Users\edimv\Desktop\imagecas_stenosis_project\data\train\images\471.nii.gz,C:\Users\edimv\Desktop\imagecas_stenosis_project\data\train\masks\471.nii.gz,train
472,C:\Users\edimv\Desktop\imagecas_stenosis_project\data\train\images\472.nii.gz,C:\Users\edimv\Desktop\imagecas_stenosis_project\data\train\masks\472.nii.gz,train
473,C:\Users\edimv\Desktop\imagecas_stenosis_project\data\train\images\473.nii.gz,C:\Users\edimv\Desktop\imagecas_stenosis_project\data\train\masks\473.nii.gz,train
474,C:\Users\edimv\Desktop\imagecas_stenosis_project\data\train\images\474.nii.gz,C:\Users\edimv\Desktop\imagecas_stenosis_project\data\train\masks\474.nii.gz,train
475,C:\Users\edimv\Desktop\imagecas_stenosis_project\data\train\images\475.nii.gz,C:\Users\edimv\Desktop\imagecas_stenosis_project\data\train\masks\475.nii.gz,train
476,C:\Users\edimv\Desktop\imagecas_stenosis_project\data\train\images\476.nii.gz,C:\Users\edimv\Desktop\imagecas_stenosis_project\data\train\masks\476.nii.gz,train
477,C:\Users\edimv\Desktop\imagecas_stenosis_project\data\train\images\477.nii.gz,C:\Users\edimv\Desktop\imagecas_stenosis_project\data\train\masks\477.nii.gz,train
478,C:\Users\edimv\Desktop\imagecas_stenosis_project\data\train\images\478.nii.gz,C:\Users\edimv\Desktop\imagecas_stenosis_project\data\train\masks\478.nii.gz,train
479,C:\Users\edimv\Desktop\imagecas_stenosis_project\data\train\images\479.nii.gz,C:\Users\edimv\Desktop\imagecas_stenosis_project\data\train\masks\479.nii.gz,train
48,C:\Users\edimv\Desktop\imagecas_stenosis_project\data\train\images\48.nii.gz,C:\Users\edimv\Desktop\imagecas_stenosis_project\data\train\masks\48.nii.gz,train
480,C:\Users\edimv\Desktop\imagecas_stenosis_project\data\train\images\480.nii.gz,C:\Users\edimv\Desktop\imagecas_stenosis_project\data\train\masks\480.nii.gz,train
481,C:\Users\edimv\Desktop\imagecas_stenosis_project\data\test\images\481.nii.gz,C:\Users\edimv\Desktop\imagecas_stenosis_project\data\test\masks\481.nii.gz,test
482,C:\Users\edimv\Desktop\imagecas_stenosis_project\data\train\images\482.nii.gz,C:\Users\edimv\Desktop\imagecas_stenosis_project\data\train\masks\482.nii.gz,train
483,C:\Users\edimv\Desktop\imagecas_stenosis_project\data\train\images\483.nii.gz,C:\Users\edimv\Desktop\imagecas_stenosis_project\data\train\masks\483.nii.gz,train
484,C:\Users\edimv\Desktop\imagecas_stenosis_project\data\train\images\484.nii.gz,C:\Users\edimv\Desktop\imagecas_stenosis_project\data\train\masks\484.nii.gz,train
485,C:\Users\edimv\Desktop\imagecas_stenosis_project\data\test\images\485.nii.gz,C:\Users\edimv\Desktop\imagecas_stenosis_project\data\test\masks\485.nii.gz,test
486,C:\Users\edimv\Desktop\imagecas_stenosis_project\data\train\images\486.nii.gz,C:\Users\edimv\Desktop\imagecas_stenosis_project\data\train\masks\486.nii.gz,train
487,C:\Users\edimv\Desktop\imagecas_stenosis_project\data\train\images\487.nii.gz,C:\Users\edimv\Desktop\imagecas_stenosis_project\data\train\masks\487.nii.gz,train
488,C:\Users\edimv\Desktop\imagecas_stenosis_project\data\test\images\488.nii.gz,C:\Users\edimv\Desktop\imagecas_stenosis_project\data\test\masks\488.nii.gz,test
489,C:\Users\edimv\Desktop\imagecas_stenosis_project\data\train\images\489.nii.gz,C:\Users\edimv\Desktop\imagecas_stenosis_project\data\train\masks\489.nii.gz,train
49,C:\Users\edimv\Desktop\imagecas_stenosis_project\data\train\images\49.nii.gz,C:\Users\edimv\Desktop\imagecas_stenosis_project\data\train\masks\49.nii.gz,train
490,C:\Users\edimv\Desktop\imagecas_stenosis_project\data\train\images\490.nii.gz,C:\Users\edimv\Desktop\imagecas_stenosis_project\data\train\masks\490.nii.gz,train
491,C:\Users\edimv\Desktop\imagecas_stenosis_project\data\test\images\491.nii.gz,C:\Users\edimv\Desktop\imagecas_stenosis_project\data\test\masks\491.nii.gz,test
492,C:\Users\edimv\Desktop\imagecas_stenosis_project\data\train\images\492.nii.gz,C:\Users\edimv\Desktop\imagecas_stenosis_project\data\train\masks\492.nii.gz,train
493,C:\Users\edimv\Desktop\imagecas_stenosis_project\data\train\images\493.nii.gz,C:\Users\edimv\Desktop\imagecas_stenosis_project\data\train\masks\493.nii.gz,train
494,C:\Users\edimv\Desktop\imagecas_stenosis_project\data\test\images\494.nii.gz,C:\Users\edimv\Desktop\imagecas_stenosis_project\data\test\masks\494.nii.gz,test
495,C:\Users\edimv\Desktop\imagecas_stenosis_project\data\train\images\495.nii.gz,C:\Users\edimv\Desktop\imagecas_stenosis_project\data\train\masks\495.nii.gz,train
496,C:\Users\edimv\Desktop\imagecas_stenosis_project\data\train\images\496.nii.gz,C:\Users\edimv\Desktop\imagecas_stenosis_project\data\train\masks\496.nii.gz,train
497,C:\Users\edimv\Desktop\imagecas_stenosis_project\data\train\images\497.nii.gz,C:\Users\edimv\Desktop\imagecas_stenosis_project\data\train\masks\497.nii.gz,train
498,C:\Users\edimv\Desktop\imagecas_stenosis_project\data\train\images\498.nii.gz,C:\Users\edimv\Desktop\imagecas_stenosis_project\data\train\masks\498.nii.gz,train
499,C:\Users\edimv\Desktop\imagecas_stenosis_project\data\train\images\499.nii.gz,C:\Users\edimv\Desktop\imagecas_stenosis_project\data\train\masks\499.nii.gz,train
5,C:\Users\edimv\Desktop\imagecas_stenosis_project\data\test\images\5.nii.gz,C:\Users\edimv\Desktop\imagecas_stenosis_project\data\test\masks\5.nii.gz,test
50,C:\Users\edimv\Desktop\imagecas_stenosis_project\data\train\images\50.nii.gz,C:\Users\edimv\Desktop\imagecas_stenosis_project\data\train\masks\50.nii.gz,train
500,C:\Users\edimv\Desktop\imagecas_stenosis_project\data\train\images\500.nii.gz,C:\Users\edimv\Desktop\imagecas_stenosis_project\data\train\masks\500.nii.gz,train
501,C:\Users\edimv\Desktop\imagecas_stenosis_project\data\train\images\501.nii.gz,C:\Users\edimv\Desktop\imagecas_stenosis_project\data\train\masks\501.nii.gz,train
502,C:\Users\edimv\Desktop\imagecas_stenosis_project\data\train\images\502.nii.gz,C:\Users\edimv\Desktop\imagecas_stenosis_project\data\train\masks\502.nii.gz,train
503,C:\Users\edimv\Desktop\imagecas_stenosis_project\data\train\images\503.nii.gz,C:\Users\edimv\Desktop\imagecas_stenosis_project\data\train\masks\503.nii.gz,train
504,C:\Users\edimv\Desktop\imagecas_stenosis_project\data\test\images\504.nii.gz,C:\Users\edimv\Desktop\imagecas_stenosis_project\data\test\masks\504.nii.gz,test
505,C:\Users\edimv\Desktop\imagecas_stenosis_project\data\train\images\505.nii.gz,C:\Users\edimv\Desktop\imagecas_stenosis_project\data\train\masks\505.nii.gz,train
506,C:\Users\edimv\Desktop\imagecas_stenosis_project\data\train\images\506.nii.gz,C:\Users\edimv\Desktop\imagecas_stenosis_project\data\train\masks\506.nii.gz,train
507,C:\Users\edimv\Desktop\imagecas_stenosis_project\data\train\images\507.nii.gz,C:\Users\edimv\Desktop\imagecas_stenosis_project\data\train\masks\507.nii.gz,train
508,C:\Users\edimv\Desktop\imagecas_stenosis_project\data\train\images\508.nii.gz,C:\Users\edimv\Desktop\imagecas_stenosis_project\data\train\masks\508.nii.gz,train
509,C:\Users\edimv\Desktop\imagecas_stenosis_project\data\train\images\509.nii.gz,C:\Users\edimv\Desktop\imagecas_stenosis_project\data\train\masks\509.nii.gz,train
51,C:\Users\edimv\Desktop\imagecas_stenosis_project\data\train\images\51.nii.gz,C:\Users\edimv\Desktop\imagecas_stenosis_project\data\train\masks\51.nii.gz,train
510,C:\Users\edimv\Desktop\imagecas_stenosis_project\data\train\images\510.nii.gz,C:\Users\edimv\Desktop\imagecas_stenosis_project\data\train\masks\510.nii.gz,train
511,C:\Users\edimv\Desktop\imagecas_stenosis_project\data\train\images\511.nii.gz,C:\Users\edimv\Desktop\imagecas_stenosis_project\data\train\masks\511.nii.gz,train
512,C:\Users\edimv\Desktop\imagecas_stenosis_project\data\train\images\512.nii.gz,C:\Users\edimv\Desktop\imagecas_stenosis_project\data\train\masks\512.nii.gz,train
513,C:\Users\edimv\Desktop\imagecas_stenosis_project\data\train\images\513.nii.gz,C:\Users\edimv\Desktop\imagecas_stenosis_project\data\train\masks\513.nii.gz,train
514,C:\Users\edimv\Desktop\imagecas_stenosis_project\data\test\images\514.nii.gz,C:\Users\edimv\Desktop\imagecas_stenosis_project\data\test\masks\514.nii.gz,test
515,C:\Users\edimv\Desktop\imagecas_stenosis_project\data\train\images\515.nii.gz,C:\Users\edimv\Desktop\imagecas_stenosis_project\data\train\masks\515.nii.gz,train
516,C:\Users\edimv\Desktop\imagecas_stenosis_project\data\train\images\516.nii.gz,C:\Users\edimv\Desktop\imagecas_stenosis_project\data\train\masks\516.nii.gz,train
517,C:\Users\edimv\Desktop\imagecas_stenosis_project\data\train\images\517.nii.gz,C:\Users\edimv\Desktop\imagecas_stenosis_project\data\train\masks\517.nii.gz,train
518,C:\Users\edimv\Desktop\imagecas_stenosis_project\data\train\images\518.nii.gz,C:\Users\edimv\Desktop\imagecas_stenosis_project\data\train\masks\518.nii.gz,train
519,C:\Users\edimv\Desktop\imagecas_stenosis_project\data\train\images\519.nii.gz,C:\Users\edimv\Desktop\imagecas_stenosis_project\data\train\masks\519.nii.gz,train
52,C:\Users\edimv\Desktop\imagecas_stenosis_project\data\train\images\52.nii.gz,C:\Users\edimv\Desktop\imagecas_stenosis_project\data\train\masks\52.nii.gz,train
520,C:\Users\edimv\Desktop\imagecas_stenosis_project\data\train\images\520.nii.gz,C:\Users\edimv\Desktop\imagecas_stenosis_project\data\train\masks\520.nii.gz,train
521,C:\Users\edimv\Desktop\imagecas_stenosis_project\data\train\images\521.nii.gz,C:\Users\edimv\Desktop\imagecas_stenosis_project\data\train\masks\521.nii.gz,train
522,C:\Users\edimv\Desktop\imagecas_stenosis_project\data\train\images\522.nii.gz,C:\Users\edimv\Desktop\imagecas_stenosis_project\data\train\masks\522.nii.gz,train
523,C:\Users\edimv\Desktop\imagecas_stenosis_project\data\train\images\523.nii.gz,C:\Users\edimv\Desktop\imagecas_stenosis_project\data\train\masks\523.nii.gz,train
524,C:\Users\edimv\Desktop\imagecas_stenosis_project\data\train\images\524.nii.gz,C:\Users\edimv\Desktop\imagecas_stenosis_project\data\train\masks\524.nii.gz,train
525,C:\Users\edimv\Desktop\imagecas_stenosis_project\data\train\images\525.nii.gz,C:\Users\edimv\Desktop\imagecas_stenosis_project\data\train\masks\525.nii.gz,train
526,C:\Users\edimv\Desktop\imagecas_stenosis_project\data\train\images\526.nii.gz,C:\Users\edimv\Desktop\imagecas_stenosis_project\data\train\masks\526.nii.gz,train
527,C:\Users\edimv\Desktop\imagecas_stenosis_project\data\train\images\527.nii.gz,C:\Users\edimv\Desktop\imagecas_stenosis_project\data\train\masks\527.nii.gz,train
528,C:\Users\edimv\Desktop\imagecas_stenosis_project\data\train\images\528.nii.gz,C:\Users\edimv\Desktop\imagecas_stenosis_project\data\train\masks\528.nii.gz,train
529,C:\Users\edimv\Desktop\imagecas_stenosis_project\data\train\images\529.nii.gz,C:\Users\edimv\Desktop\imagecas_stenosis_project\data\train\masks\529.nii.gz,train
53,C:\Users\edimv\Desktop\imagecas_stenosis_project\data\test\images\53.nii.gz,C:\Users\edimv\Desktop\imagecas_stenosis_project\data\test\masks\53.nii.gz,test
530,C:\Users\edimv\Desktop\imagecas_stenosis_project\data\train\images\530.nii.gz,C:\Users\edimv\Desktop\imagecas_stenosis_project\data\train\masks\530.nii.gz,train
531,C:\Users\edimv\Desktop\imagecas_stenosis_project\data\train\images\531.nii.gz,C:\Users\edimv\Desktop\imagecas_stenosis_project\data\train\masks\531.nii.gz,train
532,C:\Users\edimv\Desktop\imagecas_stenosis_project\data\train\images\532.nii.gz,C:\Users\edimv\Desktop\imagecas_stenosis_project\data\train\masks\532.nii.gz,train
533,C:\Users\edimv\Desktop\imagecas_stenosis_project\data\train\images\533.nii.gz,C:\Users\edimv\Desktop\imagecas_stenosis_project\data\train\masks\533.nii.gz,train
534,C:\Users\edimv\Desktop\imagecas_stenosis_project\data\train\images\534.nii.gz,C:\Users\edimv\Desktop\imagecas_stenosis_project\data\train\masks\534.nii.gz,train
535,C:\Users\edimv\Desktop\imagecas_stenosis_project\data\train\images\535.nii.gz,C:\Users\edimv\Desktop\imagecas_stenosis_project\data\train\masks\535.nii.gz,train
536,C:\Users\edimv\Desktop\imagecas_stenosis_project\data\test\images\536.nii.gz,C:\Users\edimv\Desktop\imagecas_stenosis_project\data\test\masks\536.nii.gz,test
537,C:\Users\edimv\Desktop\imagecas_stenosis_project\data\train\images\537.nii.gz,C:\Users\edimv\Desktop\imagecas_stenosis_project\data\train\masks\537.nii.gz,train
538,C:\Users\edimv\Desktop\imagecas_stenosis_project\data\train\images\538.nii.gz,C:\Users\edimv\Desktop\imagecas_stenosis_project\data\train\masks\538.nii.gz,train
539,C:\Users\edimv\Desktop\imagecas_stenosis_project\data\train\images\539.nii.gz,C:\Users\edimv\Desktop\imagecas_stenosis_project\data\train\masks\539.nii.gz,train
54,C:\Users\edimv\Desktop\imagecas_stenosis_project\data\train\images\54.nii.gz,C:\Users\edimv\Desktop\imagecas_stenosis_project\data\train\masks\54.nii.gz,train
540,C:\Users\edimv\Desktop\imagecas_stenosis_project\data\train\images\540.nii.gz,C:\Users\edimv\Desktop\imagecas_stenosis_project\data\train\masks\540.nii.gz,train
541,C:\Users\edimv\Desktop\imagecas_stenosis_project\data\train\images\541.nii.gz,C:\Users\edimv\Desktop\imagecas_stenosis_project\data\train\masks\541.nii.gz,train
542,C:\Users\edimv\Desktop\imagecas_stenosis_project\data\test\images\542.nii.gz,C:\Users\edimv\Desktop\imagecas_stenosis_project\data\test\masks\542.nii.gz,test
543,C:\Users\edimv\Desktop\imagecas_stenosis_project\data\test\images\543.nii.gz,C:\Users\edimv\Desktop\imagecas_stenosis_project\data\test\masks\543.nii.gz,test
544,C:\Users\edimv\Desktop\imagecas_stenosis_project\data\train\images\544.nii.gz,C:\Users\edimv\Desktop\imagecas_stenosis_project\data\train\masks\544.nii.gz,train
545,C:\Users\edimv\Desktop\imagecas_stenosis_project\data\train\images\545.nii.gz,C:\Users\edimv\Desktop\imagecas_stenosis_project\data\train\masks\545.nii.gz,train
546,C:\Users\edimv\Desktop\imagecas_stenosis_project\data\train\images\546.nii.gz,C:\Users\edimv\Desktop\imagecas_stenosis_project\data\train\masks\546.nii.gz,train
547,C:\Users\edimv\Desktop\imagecas_stenosis_project\data\train\images\547.nii.gz,C:\Users\edimv\Desktop\imagecas_stenosis_project\data\train\masks\547.nii.gz,train
548,C:\Users\edimv\Desktop\imagecas_stenosis_project\data\test\images\548.nii.gz,C:\Users\edimv\Desktop\imagecas_stenosis_project\data\test\masks\548.nii.gz,test
549,C:\Users\edimv\Desktop\imagecas_stenosis_project\data\train\images\549.nii.gz,C:\Users\edimv\Desktop\imagecas_stenosis_project\data\train\masks\549.nii.gz,train
55,C:\Users\edimv\Desktop\imagecas_stenosis_project\data\train\images\55.nii.gz,C:\Users\edimv\Desktop\imagecas_stenosis_project\data\train\masks\55.nii.gz,train
550,C:\Users\edimv\Desktop\imagecas_stenosis_project\data\train\images\550.nii.gz,C:\Users\edimv\Desktop\imagecas_stenosis_project\data\train\masks\550.nii.gz,train
551,C:\Users\edimv\Desktop\imagecas_stenosis_project\data\train\images\551.nii.gz,C:\Users\edimv\Desktop\imagecas_stenosis_project\data\train\masks\551.nii.gz,train
552,C:\Users\edimv\Desktop\imagecas_stenosis_project\data\train\images\552.nii.gz,C:\Users\edimv\Desktop\imagecas_stenosis_project\data\train\masks\552.nii.gz,train
553,C:\Users\edimv\Desktop\imagecas_stenosis_project\data\train\images\553.nii.gz,C:\Users\edimv\Desktop\imagecas_stenosis_project\data\train\masks\553.nii.gz,train
554,C:\Users\edimv\Desktop\imagecas_stenosis_project\data\train\images\554.nii.gz,C:\Users\edimv\Desktop\imagecas_stenosis_project\data\train\masks\554.nii.gz,train
555,C:\Users\edimv\Desktop\imagecas_stenosis_project\data\train\images\555.nii.gz,C:\Users\edimv\Desktop\imagecas_stenosis_project\data\train\masks\555.nii.gz,train
556,C:\Users\edimv\Desktop\imagecas_stenosis_project\data\train\images\556.nii.gz,C:\Users\edimv\Desktop\imagecas_stenosis_project\data\train\masks\556.nii.gz,train
557,C:\Users\edimv\Desktop\imagecas_stenosis_project\data\train\images\557.nii.gz,C:\Users\edimv\Desktop\imagecas_stenosis_project\data\train\masks\557.nii.gz,train
558,C:\Users\edimv\Desktop\imagecas_stenosis_project\data\train\images\558.nii.gz,C:\Users\edimv\Desktop\imagecas_stenosis_project\data\train\masks\558.nii.gz,train
559,C:\Users\edimv\Desktop\imagecas_stenosis_project\data\train\images\559.nii.gz,C:\Users\edimv\Desktop\imagecas_stenosis_project\data\train\masks\559.nii.gz,train
56,C:\Users\edimv\Desktop\imagecas_stenosis_project\data\train\images\56.nii.gz,C:\Users\edimv\Desktop\imagecas_stenosis_project\data\train\masks\56.nii.gz,train
560,C:\Users\edimv\Desktop\imagecas_stenosis_project\data\test\images\560.nii.gz,C:\Users\edimv\Desktop\imagecas_stenosis_project\data\test\masks\560.nii.gz,test
561,C:\Users\edimv\Desktop\imagecas_stenosis_project\data\train\images\561.nii.gz,C:\Users\edimv\Desktop\imagecas_stenosis_project\data\train\masks\561.nii.gz,train
562,C:\Users\edimv\Desktop\imagecas_stenosis_project\data\train\images\562.nii.gz,C:\Users\edimv\Desktop\imagecas_stenosis_project\data\train\masks\562.nii.gz,train
563,C:\Users\edimv\Desktop\imagecas_stenosis_project\data\train\images\563.nii.gz,C:\Users\edimv\Desktop\imagecas_stenosis_project\data\train\masks\563.nii.gz,train
564,C:\Users\edimv\Desktop\imagecas_stenosis_project\data\train\images\564.nii.gz,C:\Users\edimv\Desktop\imagecas_stenosis_project\data\train\masks\564.nii.gz,train
565,C:\Users\edimv\Desktop\imagecas_stenosis_project\data\train\images\565.nii.gz,C:\Users\edimv\Desktop\imagecas_stenosis_project\data\train\masks\565.nii.gz,train
566,C:\Users\edimv\Desktop\imagecas_stenosis_project\data\train\images\566.nii.gz,C:\Users\edimv\Desktop\imagecas_stenosis_project\data\train\masks\566.nii.gz,train
567,C:\Users\edimv\Desktop\imagecas_stenosis_project\data\train\images\567.nii.gz,C:\Users\edimv\Desktop\imagecas_stenosis_project\data\train\masks\567.nii.gz,train
568,C:\Users\edimv\Desktop\imagecas_stenosis_project\data\test\images\568.nii.gz,C:\Users\edimv\Desktop\imagecas_stenosis_project\data\test\masks\568.nii.gz,test
569,C:\Users\edimv\Desktop\imagecas_stenosis_project\data\test\images\569.nii.gz,C:\Users\edimv\Desktop\imagecas_stenosis_project\data\test\masks\569.nii.gz,test
57,C:\Users\edimv\Desktop\imagecas_stenosis_project\data\train\images\57.nii.gz,C:\Users\edimv\Desktop\imagecas_stenosis_project\data\train\masks\57.nii.gz,train
570,C:\Users\edimv\Desktop\imagecas_stenosis_project\data\train\images\570.nii.gz,C:\Users\edimv\Desktop\imagecas_stenosis_project\data\train\masks\570.nii.gz,train
571,C:\Users\edimv\Desktop\imagecas_stenosis_project\data\train\images\571.nii.gz,C:\Users\edimv\Desktop\imagecas_stenosis_project\data\train\masks\571.nii.gz,train
572,C:\Users\edimv\Desktop\imagecas_stenosis_project\data\test\images\572.nii.gz,C:\Users\edimv\Desktop\imagecas_stenosis_project\data\test\masks\572.nii.gz,test
573,C:\Users\edimv\Desktop\imagecas_stenosis_project\data\test\images\573.nii.gz,C:\Users\edimv\Desktop\imagecas_stenosis_project\data\test\masks\573.nii.gz,test
574,C:\Users\edimv\Desktop\imagecas_stenosis_project\data\test\images\574.nii.gz,C:\Users\edimv\Desktop\imagecas_stenosis_project\data\test\masks\574.nii.gz,test
575,C:\Users\edimv\Desktop\imagecas_stenosis_project\data\test\images\575.nii.gz,C:\Users\edimv\Desktop\imagecas_stenosis_project\data\test\masks\575.nii.gz,test
576,C:\Users\edimv\Desktop\imagecas_stenosis_project\data\train\images\576.nii.gz,C:\Users\edimv\Desktop\imagecas_stenosis_project\data\train\masks\576.nii.gz,train
577,C:\Users\edimv\Desktop\imagecas_stenosis_project\data\train\images\577.nii.gz,C:\Users\edimv\Desktop\imagecas_stenosis_project\data\train\masks\577.nii.gz,train
578,C:\Users\edimv\Desktop\imagecas_stenosis_project\data\train\images\578.nii.gz,C:\Users\edimv\Desktop\imagecas_stenosis_project\data\train\masks\578.nii.gz,train
579,C:\Users\edimv\Desktop\imagecas_stenosis_project\data\train\images\579.nii.gz,C:\Users\edimv\Desktop\imagecas_stenosis_project\data\train\masks\579.nii.gz,train
58,C:\Users\edimv\Desktop\imagecas_stenosis_project\data\test\images\58.nii.gz,C:\Users\edimv\Desktop\imagecas_stenosis_project\data\test\masks\58.nii.gz,test
580,C:\Users\edimv\Desktop\imagecas_stenosis_project\data\train\images\580.nii.gz,C:\Users\edimv\Desktop\imagecas_stenosis_project\data\train\masks\580.nii.gz,train
581,C:\Users\edimv\Desktop\imagecas_stenosis_project\data\train\images\581.nii.gz,C:\Users\edimv\Desktop\imagecas_stenosis_project\data\train\masks\581.nii.gz,train
582,C:\Users\edimv\Desktop\imagecas_stenosis_project\data\train\images\582.nii.gz,C:\Users\edimv\Desktop\imagecas_stenosis_project\data\train\masks\582.nii.gz,train
583,C:\Users\edimv\Desktop\imagecas_stenosis_project\data\train\images\583.nii.gz,C:\Users\edimv\Desktop\imagecas_stenosis_project\data\train\masks\583.nii.gz,train
584,C:\Users\edimv\Desktop\imagecas_stenosis_project\data\train\images\584.nii.gz,C:\Users\edimv\Desktop\imagecas_stenosis_project\data\train\masks\584.nii.gz,train
585,C:\Users\edimv\Desktop\imagecas_stenosis_project\data\train\images\585.nii.gz,C:\Users\edimv\Desktop\imagecas_stenosis_project\data\train\masks\585.nii.gz,train
586,C:\Users\edimv\Desktop\imagecas_stenosis_project\data\train\images\586.nii.gz,C:\Users\edimv\Desktop\imagecas_stenosis_project\data\train\masks\586.nii.gz,train
587,C:\Users\edimv\Desktop\imagecas_stenosis_project\data\test\images\587.nii.gz,C:\Users\edimv\Desktop\imagecas_stenosis_project\data\test\masks\587.nii.gz,test
588,C:\Users\edimv\Desktop\imagecas_stenosis_project\data\test\images\588.nii.gz,C:\Users\edimv\Desktop\imagecas_stenosis_project\data\test\masks\588.nii.gz,test
589,C:\Users\edimv\Desktop\imagecas_stenosis_project\data\train\images\589.nii.gz,C:\Users\edimv\Desktop\imagecas_stenosis_project\data\train\masks\589.nii.gz,train
59,C:\Users\edimv\Desktop\imagecas_stenosis_project\data\train\images\59.nii.gz,C:\Users\edimv\Desktop\imagecas_stenosis_project\data\train\masks\59.nii.gz,train
590,C:\Users\edimv\Desktop\imagecas_stenosis_project\data\train\images\590.nii.gz,C:\Users\edimv\Desktop\imagecas_stenosis_project\data\train\masks\590.nii.gz,train
591,C:\Users\edimv\Desktop\imagecas_stenosis_project\data\train\images\591.nii.gz,C:\Users\edimv\Desktop\imagecas_stenosis_project\data\train\masks\591.nii.gz,train
592,C:\Users\edimv\Desktop\imagecas_stenosis_project\data\test\images\592.nii.gz,C:\Users\edimv\Desktop\imagecas_stenosis_project\data\test\masks\592.nii.gz,test
593,C:\Users\edimv\Desktop\imagecas_stenosis_project\data\test\images\593.nii.gz,C:\Users\edimv\Desktop\imagecas_stenosis_project\data\test\masks\593.nii.gz,test
594,C:\Users\edimv\Desktop\imagecas_stenosis_project\data\train\images\594.nii.gz,C:\Users\edimv\Desktop\imagecas_stenosis_project\data\train\masks\594.nii.gz,train
595,C:\Users\edimv\Desktop\imagecas_stenosis_project\data\train\images\595.nii.gz,C:\Users\edimv\Desktop\imagecas_stenosis_project\data\train\masks\595.nii.gz,train
596,C:\Users\edimv\Desktop\imagecas_stenosis_project\data\train\images\596.nii.gz,C:\Users\edimv\Desktop\imagecas_stenosis_project\data\train\masks\596.nii.gz,train
597,C:\Users\edimv\Desktop\imagecas_stenosis_project\data\train\images\597.nii.gz,C:\Users\edimv\Desktop\imagecas_stenosis_project\data\train\masks\597.nii.gz,train
598,C:\Users\edimv\Desktop\imagecas_stenosis_project\data\test\images\598.nii.gz,C:\Users\edimv\Desktop\imagecas_stenosis_project\data\test\masks\598.nii.gz,test
599,C:\Users\edimv\Desktop\imagecas_stenosis_project\data\train\images\599.nii.gz,C:\Users\edimv\Desktop\imagecas_stenosis_project\data\train\masks\599.nii.gz,train
6,C:\Users\edimv\Desktop\imagecas_stenosis_project\data\train\images\6.nii.gz,C:\Users\edimv\Desktop\imagecas_stenosis_project\data\train\masks\6.nii.gz,train
60,C:\Users\edimv\Desktop\imagecas_stenosis_project\data\train\images\60.nii.gz,C:\Users\edimv\Desktop\imagecas_stenosis_project\data\train\masks\60.nii.gz,train
600,C:\Users\edimv\Desktop\imagecas_stenosis_project\data\train\images\600.nii.gz,C:\Users\edimv\Desktop\imagecas_stenosis_project\data\train\masks\600.nii.gz,train
601,C:\Users\edimv\Desktop\imagecas_stenosis_project\data\test\images\601.nii.gz,C:\Users\edimv\Desktop\imagecas_stenosis_project\data\test\masks\601.nii.gz,test
602,C:\Users\edimv\Desktop\imagecas_stenosis_project\data\train\images\602.nii.gz,C:\Users\edimv\Desktop\imagecas_stenosis_project\data\train\masks\602.nii.gz,train
603,C:\Users\edimv\Desktop\imagecas_stenosis_project\data\train\images\603.nii.gz,C:\Users\edimv\Desktop\imagecas_stenosis_project\data\train\masks\603.nii.gz,train
604,C:\Users\edimv\Desktop\imagecas_stenosis_project\data\train\images\604.nii.gz,C:\Users\edimv\Desktop\imagecas_stenosis_project\data\train\masks\604.nii.gz,train
605,C:\Users\edimv\Desktop\imagecas_stenosis_project\data\train\images\605.nii.gz,C:\Users\edimv\Desktop\imagecas_stenosis_project\data\train\masks\605.nii.gz,train
606,C:\Users\edimv\Desktop\imagecas_stenosis_project\data\train\images\606.nii.gz,C:\Users\edimv\Desktop\imagecas_stenosis_project\data\train\masks\606.nii.gz,train
607,C:\Users\edimv\Desktop\imagecas_stenosis_project\data\train\images\607.nii.gz,C:\Users\edimv\Desktop\imagecas_stenosis_project\data\train\masks\607.nii.gz,train
608,C:\Users\edimv\Desktop\imagecas_stenosis_project\data\train\images\608.nii.gz,C:\Users\edimv\Desktop\imagecas_stenosis_project\data\train\masks\608.nii.gz,train
609,C:\Users\edimv\Desktop\imagecas_stenosis_project\data\train\images\609.nii.gz,C:\Users\edimv\Desktop\imagecas_stenosis_project\data\train\masks\609.nii.gz,train
61,C:\Users\edimv\Desktop\imagecas_stenosis_project\data\train\images\61.nii.gz,C:\Users\edimv\Desktop\imagecas_stenosis_project\data\train\masks\61.nii.gz,train
610,C:\Users\edimv\Desktop\imagecas_stenosis_project\data\train\images\610.nii.gz,C:\Users\edimv\Desktop\imagecas_stenosis_project\data\train\masks\610.nii.gz,train
611,C:\Users\edimv\Desktop\imagecas_stenosis_project\data\test\images\611.nii.gz,C:\Users\edimv\Desktop\imagecas_stenosis_project\data\test\masks\611.nii.gz,test
612,C:\Users\edimv\Desktop\imagecas_stenosis_project\data\train\images\612.nii.gz,C:\Users\edimv\Desktop\imagecas_stenosis_project\data\train\masks\612.nii.gz,train
613,C:\Users\edimv\Desktop\imagecas_stenosis_project\data\train\images\613.nii.gz,C:\Users\edimv\Desktop\imagecas_stenosis_project\data\train\masks\613.nii.gz,train
614,C:\Users\edimv\Desktop\imagecas_stenosis_project\data\train\images\614.nii.gz,C:\Users\edimv\Desktop\imagecas_stenosis_project\data\train\masks\614.nii.gz,train
615,C:\Users\edimv\Desktop\imagecas_stenosis_project\data\train\images\615.nii.gz,C:\Users\edimv\Desktop\imagecas_stenosis_project\data\train\masks\615.nii.gz,train
616,C:\Users\edimv\Desktop\imagecas_stenosis_project\data\train\images\616.nii.gz,C:\Users\edimv\Desktop\imagecas_stenosis_project\data\train\masks\616.nii.gz,train
617,C:\Users\edimv\Desktop\imagecas_stenosis_project\data\train\images\617.nii.gz,C:\Users\edimv\Desktop\imagecas_stenosis_project\data\train\masks\617.nii.gz,train
618,C:\Users\edimv\Desktop\imagecas_stenosis_project\data\train\images\618.nii.gz,C:\Users\edimv\Desktop\imagecas_stenosis_project\data\train\masks\618.nii.gz,train
619,C:\Users\edimv\Desktop\imagecas_stenosis_project\data\test\images\619.nii.gz,C:\Users\edimv\Desktop\imagecas_stenosis_project\data\test\masks\619.nii.gz,test
62,C:\Users\edimv\Desktop\imagecas_stenosis_project\data\train\images\62.nii.gz,C:\Users\edimv\Desktop\imagecas_stenosis_project\data\train\masks\62.nii.gz,train
620,C:\Users\edimv\Desktop\imagecas_stenosis_project\data\train\images\620.nii.gz,C:\Users\edimv\Desktop\imagecas_stenosis_project\data\train\masks\620.nii.gz,train
621,C:\Users\edimv\Desktop\imagecas_stenosis_project\data\train\images\621.nii.gz,C:\Users\edimv\Desktop\imagecas_stenosis_project\data\train\masks\621.nii.gz,train
622,C:\Users\edimv\Desktop\imagecas_stenosis_project\data\train\images\622.nii.gz,C:\Users\edimv\Desktop\imagecas_stenosis_project\data\train\masks\622.nii.gz,train
623,C:\Users\edimv\Desktop\imagecas_stenosis_project\data\test\images\623.nii.gz,C:\Users\edimv\Desktop\imagecas_stenosis_project\data\test\masks\623.nii.gz,test
624,C:\Users\edimv\Desktop\imagecas_stenosis_project\data\test\images\624.nii.gz,C:\Users\edimv\Desktop\imagecas_stenosis_project\data\test\masks\624.nii.gz,test
625,C:\Users\edimv\Desktop\imagecas_stenosis_project\data\train\images\625.nii.gz,C:\Users\edimv\Desktop\imagecas_stenosis_project\data\train\masks\625.nii.gz,train
626,C:\Users\edimv\Desktop\imagecas_stenosis_project\data\train\images\626.nii.gz,C:\Users\edimv\Desktop\imagecas_stenosis_project\data\train\masks\626.nii.gz,train
627,C:\Users\edimv\Desktop\imagecas_stenosis_project\data\train\images\627.nii.gz,C:\Users\edimv\Desktop\imagecas_stenosis_project\data\train\masks\627.nii.gz,train
628,C:\Users\edimv\Desktop\imagecas_stenosis_project\data\train\images\628.nii.gz,C:\Users\edimv\Desktop\imagecas_stenosis_project\data\train\masks\628.nii.gz,train
629,C:\Users\edimv\Desktop\imagecas_stenosis_project\data\test\images\629.nii.gz,C:\Users\edimv\Desktop\imagecas_stenosis_project\data\test\masks\629.nii.gz,test
63,C:\Users\edimv\Desktop\imagecas_stenosis_project\data\test\images\63.nii.gz,C:\Users\edimv\Desktop\imagecas_stenosis_project\data\test\masks\63.nii.gz,test
630,C:\Users\edimv\Desktop\imagecas_stenosis_project\data\train\images\630.nii.gz,C:\Users\edimv\Desktop\imagecas_stenosis_project\data\train\masks\630.nii.gz,train
631,C:\Users\edimv\Desktop\imagecas_stenosis_project\data\train\images\631.nii.gz,C:\Users\edimv\Desktop\imagecas_stenosis_project\data\train\masks\631.nii.gz,train
632,C:\Users\edimv\Desktop\imagecas_stenosis_project\data\train\images\632.nii.gz,C:\Users\edimv\Desktop\imagecas_stenosis_project\data\train\masks\632.nii.gz,train
633,C:\Users\edimv\Desktop\imagecas_stenosis_project\data\train\images\633.nii.gz,C:\Users\edimv\Desktop\imagecas_stenosis_project\data\train\masks\633.nii.gz,train
634,C:\Users\edimv\Desktop\imagecas_stenosis_project\data\test\images\634.nii.gz,C:\Users\edimv\Desktop\imagecas_stenosis_project\data\test\masks\634.nii.gz,test
635,C:\Users\edimv\Desktop\imagecas_stenosis_project\data\train\images\635.nii.gz,C:\Users\edimv\Desktop\imagecas_stenosis_project\data\train\masks\635.nii.gz,train
636,C:\Users\edimv\Desktop\imagecas_stenosis_project\data\train\images\636.nii.gz,C:\Users\edimv\Desktop\imagecas_stenosis_project\data\train\masks\636.nii.gz,train
637,C:\Users\edimv\Desktop\imagecas_stenosis_project\data\train\images\637.nii.gz,C:\Users\edimv\Desktop\imagecas_stenosis_project\data\train\masks\637.nii.gz,train
638,C:\Users\edimv\Desktop\imagecas_stenosis_project\data\test\images\638.nii.gz,C:\Users\edimv\Desktop\imagecas_stenosis_project\data\test\masks\638.nii.gz,test
639,C:\Users\edimv\Desktop\imagecas_stenosis_project\data\train\images\639.nii.gz,C:\Users\edimv\Desktop\imagecas_stenosis_project\data\train\masks\639.nii.gz,train
64,C:\Users\edimv\Desktop\imagecas_stenosis_project\data\test\images\64.nii.gz,C:\Users\edimv\Desktop\imagecas_stenosis_project\data\test\masks\64.nii.gz,test
640,C:\Users\edimv\Desktop\imagecas_stenosis_project\data\train\images\640.nii.gz,C:\Users\edimv\Desktop\imagecas_stenosis_project\data\train\masks\640.nii.gz,train
641,C:\Users\edimv\Desktop\imagecas_stenosis_project\data\train\images\641.nii.gz,C:\Users\edimv\Desktop\imagecas_stenosis_project\data\train\masks\641.nii.gz,train
642,C:\Users\edimv\Desktop\imagecas_stenosis_project\data\test\images\642.nii.gz,C:\Users\edimv\Desktop\imagecas_stenosis_project\data\test\masks\642.nii.gz,test
643,C:\Users\edimv\Desktop\imagecas_stenosis_project\data\train\images\643.nii.gz,C:\Users\edimv\Desktop\imagecas_stenosis_project\data\train\masks\643.nii.gz,train
644,C:\Users\edimv\Desktop\imagecas_stenosis_project\data\train\images\644.nii.gz,C:\Users\edimv\Desktop\imagecas_stenosis_project\data\train\masks\644.nii.gz,train
645,C:\Users\edimv\Desktop\imagecas_stenosis_project\data\train\images\645.nii.gz,C:\Users\edimv\Desktop\imagecas_stenosis_project\data\train\masks\645.nii.gz,train
646,C:\Users\edimv\Desktop\imagecas_stenosis_project\data\train\images\646.nii.gz,C:\Users\edimv\Desktop\imagecas_stenosis_project\data\train\masks\646.nii.gz,train
647,C:\Users\edimv\Desktop\imagecas_stenosis_project\data\train\images\647.nii.gz,C:\Users\edimv\Desktop\imagecas_stenosis_project\data\train\masks\647.nii.gz,train
648,C:\Users\edimv\Desktop\imagecas_stenosis_project\data\train\images\648.nii.gz,C:\Users\edimv\Desktop\imagecas_stenosis_project\data\train\masks\648.nii.gz,train
649,C:\Users\edimv\Desktop\imagecas_stenosis_project\data\train\images\649.nii.gz,C:\Users\edimv\Desktop\imagecas_stenosis_project\data\train\masks\649.nii.gz,train
65,C:\Users\edimv\Desktop\imagecas_stenosis_project\data\train\images\65.nii.gz,C:\Users\edimv\Desktop\imagecas_stenosis_project\data\train\masks\65.nii.gz,train
650,C:\Users\edimv\Desktop\imagecas_stenosis_project\data\test\images\650.nii.gz,C:\Users\edimv\Desktop\imagecas_stenosis_project\data\test\masks\650.nii.gz,test
651,C:\Users\edimv\Desktop\imagecas_stenosis_project\data\train\images\651.nii.gz,C:\Users\edimv\Desktop\imagecas_stenosis_project\data\train\masks\651.nii.gz,train
652,C:\Users\edimv\Desktop\imagecas_stenosis_project\data\train\images\652.nii.gz,C:\Users\edimv\Desktop\imagecas_stenosis_project\data\train\masks\652.nii.gz,train
653,C:\Users\edimv\Desktop\imagecas_stenosis_project\data\train\images\653.nii.gz,C:\Users\edimv\Desktop\imagecas_stenosis_project\data\train\masks\653.nii.gz,train
654,C:\Users\edimv\Desktop\imagecas_stenosis_project\data\test\images\654.nii.gz,C:\Users\edimv\Desktop\imagecas_stenosis_project\data\test\masks\654.nii.gz,test
655,C:\Users\edimv\Desktop\imagecas_stenosis_project\data\train\images\655.nii.gz,C:\Users\edimv\Desktop\imagecas_stenosis_project\data\train\masks\655.nii.gz,train
656,C:\Users\edimv\Desktop\imagecas_stenosis_project\data\train\images\656.nii.gz,C:\Users\edimv\Desktop\imagecas_stenosis_project\data\train\masks\656.nii.gz,train
657,C:\Users\edimv\Desktop\imagecas_stenosis_project\data\train\images\657.nii.gz,C:\Users\edimv\Desktop\imagecas_stenosis_project\data\train\masks\657.nii.gz,train
658,C:\Users\edimv\Desktop\imagecas_stenosis_project\data\test\images\658.nii.gz,C:\Users\edimv\Desktop\imagecas_stenosis_project\data\test\masks\658.nii.gz,test
659,C:\Users\edimv\Desktop\imagecas_stenosis_project\data\train\images\659.nii.gz,C:\Users\edimv\Desktop\imagecas_stenosis_project\data\train\masks\659.nii.gz,train
66,C:\Users\edimv\Desktop\imagecas_stenosis_project\data\train\images\66.nii.gz,C:\Users\edimv\Desktop\imagecas_stenosis_project\data\train\masks\66.nii.gz,train
660,C:\Users\edimv\Desktop\imagecas_stenosis_project\data\train\images\660.nii.gz,C:\Users\edimv\Desktop\imagecas_stenosis_project\data\train\masks\660.nii.gz,train
661,C:\Users\edimv\Desktop\imagecas_stenosis_project\data\train\images\661.nii.gz,C:\Users\edimv\Desktop\imagecas_stenosis_project\data\train\masks\661.nii.gz,train
662,C:\Users\edimv\Desktop\imagecas_stenosis_project\data\test\images\662.nii.gz,C:\Users\edimv\Desktop\imagecas_stenosis_project\data\test\masks\662.nii.gz,test
663,C:\Users\edimv\Desktop\imagecas_stenosis_project\data\train\images\663.nii.gz,C:\Users\edimv\Desktop\imagecas_stenosis_project\data\train\masks\663.nii.gz,train
664,C:\Users\edimv\Desktop\imagecas_stenosis_project\data\train\images\664.nii.gz,C:\Users\edimv\Desktop\imagecas_stenosis_project\data\train\masks\664.nii.gz,train
665,C:\Users\edimv\Desktop\imagecas_stenosis_project\data\train\images\665.nii.gz,C:\Users\edimv\Desktop\imagecas_stenosis_project\data\train\masks\665.nii.gz,train
666,C:\Users\edimv\Desktop\imagecas_stenosis_project\data\train\images\666.nii.gz,C:\Users\edimv\Desktop\imagecas_stenosis_project\data\train\masks\666.nii.gz,train
667,C:\Users\edimv\Desktop\imagecas_stenosis_project\data\train\images\667.nii.gz,C:\Users\edimv\Desktop\imagecas_stenosis_project\data\train\masks\667.nii.gz,train
668,C:\Users\edimv\Desktop\imagecas_stenosis_project\data\train\images\668.nii.gz,C:\Users\edimv\Desktop\imagecas_stenosis_project\data\train\masks\668.nii.gz,train
669,C:\Users\edimv\Desktop\imagecas_stenosis_project\data\train\images\669.nii.gz,C:\Users\edimv\Desktop\imagecas_stenosis_project\data\train\masks\669.nii.gz,train
67,C:\Users\edimv\Desktop\imagecas_stenosis_project\data\train\images\67.nii.gz,C:\Users\edimv\Desktop\imagecas_stenosis_project\data\train\masks\67.nii.gz,train
670,C:\Users\edimv\Desktop\imagecas_stenosis_project\data\test\images\670.nii.gz,C:\Users\edimv\Desktop\imagecas_stenosis_project\data\test\masks\670.nii.gz,test
671,C:\Users\edimv\Desktop\imagecas_stenosis_project\data\test\images\671.nii.gz,C:\Users\edimv\Desktop\imagecas_stenosis_project\data\test\masks\671.nii.gz,test
672,C:\Users\edimv\Desktop\imagecas_stenosis_project\data\train\images\672.nii.gz,C:\Users\edimv\Desktop\imagecas_stenosis_project\data\train\masks\672.nii.gz,train
673,C:\Users\edimv\Desktop\imagecas_stenosis_project\data\train\images\673.nii.gz,C:\Users\edimv\Desktop\imagecas_stenosis_project\data\train\masks\673.nii.gz,train
674,C:\Users\edimv\Desktop\imagecas_stenosis_project\data\train\images\674.nii.gz,C:\Users\edimv\Desktop\imagecas_stenosis_project\data\train\masks\674.nii.gz,train
675,C:\Users\edimv\Desktop\imagecas_stenosis_project\data\train\images\675.nii.gz,C:\Users\edimv\Desktop\imagecas_stenosis_project\data\train\masks\675.nii.gz,train
676,C:\Users\edimv\Desktop\imagecas_stenosis_project\data\train\images\676.nii.gz,C:\Users\edimv\Desktop\imagecas_stenosis_project\data\train\masks\676.nii.gz,train
677,C:\Users\edimv\Desktop\imagecas_stenosis_project\data\train\images\677.nii.gz,C:\Users\edimv\Desktop\imagecas_stenosis_project\data\train\masks\677.nii.gz,train
678,C:\Users\edimv\Desktop\imagecas_stenosis_project\data\test\images\678.nii.gz,C:\Users\edimv\Desktop\imagecas_stenosis_project\data\test\masks\678.nii.gz,test
679,C:\Users\edimv\Desktop\imagecas_stenosis_project\data\test\images\679.nii.gz,C:\Users\edimv\Desktop\imagecas_stenosis_project\data\test\masks\679.nii.gz,test
68,C:\Users\edimv\Desktop\imagecas_stenosis_project\data\train\images\68.nii.gz,C:\Users\edimv\Desktop\imagecas_stenosis_project\data\train\masks\68.nii.gz,train
680,C:\Users\edimv\Desktop\imagecas_stenosis_project\data\train\images\680.nii.gz,C:\Users\edimv\Desktop\imagecas_stenosis_project\data\train\masks\680.nii.gz,train
681,C:\Users\edimv\Desktop\imagecas_stenosis_project\data\train\images\681.nii.gz,C:\Users\edimv\Desktop\imagecas_stenosis_project\data\train\masks\681.nii.gz,train
682,C:\Users\edimv\Desktop\imagecas_stenosis_project\data\train\images\682.nii.gz,C:\Users\edimv\Desktop\imagecas_stenosis_project\data\train\masks\682.nii.gz,train
683,C:\Users\edimv\Desktop\imagecas_stenosis_project\data\test\images\683.nii.gz,C:\Users\edimv\Desktop\imagecas_stenosis_project\data\test\masks\683.nii.gz,test
684,C:\Users\edimv\Desktop\imagecas_stenosis_project\data\test\images\684.nii.gz,C:\Users\edimv\Desktop\imagecas_stenosis_project\data\test\masks\684.nii.gz,test
685,C:\Users\edimv\Desktop\imagecas_stenosis_project\data\train\images\685.nii.gz,C:\Users\edimv\Desktop\imagecas_stenosis_project\data\train\masks\685.nii.gz,train
686,C:\Users\edimv\Desktop\imagecas_stenosis_project\data\test\images\686.nii.gz,C:\Users\edimv\Desktop\imagecas_stenosis_project\data\test\masks\686.nii.gz,test
687,C:\Users\edimv\Desktop\imagecas_stenosis_project\data\train\images\687.nii.gz,C:\Users\edimv\Desktop\imagecas_stenosis_project\data\train\masks\687.nii.gz,train
688,C:\Users\edimv\Desktop\imagecas_stenosis_project\data\train\images\688.nii.gz,C:\Users\edimv\Desktop\imagecas_stenosis_project\data\train\masks\688.nii.gz,train
689,C:\Users\edimv\Desktop\imagecas_stenosis_project\data\train\images\689.nii.gz,C:\Users\edimv\Desktop\imagecas_stenosis_project\data\train\masks\689.nii.gz,train
69,C:\Users\edimv\Desktop\imagecas_stenosis_project\data\test\images\69.nii.gz,C:\Users\edimv\Desktop\imagecas_stenosis_project\data\test\masks\69.nii.gz,test
690,C:\Users\edimv\Desktop\imagecas_stenosis_project\data\train\images\690.nii.gz,C:\Users\edimv\Desktop\imagecas_stenosis_project\data\train\masks\690.nii.gz,train
691,C:\Users\edimv\Desktop\imagecas_stenosis_project\data\train\images\691.nii.gz,C:\Users\edimv\Desktop\imagecas_stenosis_project\data\train\masks\691.nii.gz,train
692,C:\Users\edimv\Desktop\imagecas_stenosis_project\data\train\images\692.nii.gz,C:\Users\edimv\Desktop\imagecas_stenosis_project\data\train\masks\692.nii.gz,train
693,C:\Users\edimv\Desktop\imagecas_stenosis_project\data\test\images\693.nii.gz,C:\Users\edimv\Desktop\imagecas_stenosis_project\data\test\masks\693.nii.gz,test
694,C:\Users\edimv\Desktop\imagecas_stenosis_project\data\train\images\694.nii.gz,C:\Users\edimv\Desktop\imagecas_stenosis_project\data\train\masks\694.nii.gz,train
695,C:\Users\edimv\Desktop\imagecas_stenosis_project\data\test\images\695.nii.gz,C:\Users\edimv\Desktop\imagecas_stenosis_project\data\test\masks\695.nii.gz,test
696,C:\Users\edimv\Desktop\imagecas_stenosis_project\data\train\images\696.nii.gz,C:\Users\edimv\Desktop\imagecas_stenosis_project\data\train\masks\696.nii.gz,train
697,C:\Users\edimv\Desktop\imagecas_stenosis_project\data\train\images\697.nii.gz,C:\Users\edimv\Desktop\imagecas_stenosis_project\data\train\masks\697.nii.gz,train
698,C:\Users\edimv\Desktop\imagecas_stenosis_project\data\train\images\698.nii.gz,C:\Users\edimv\Desktop\imagecas_stenosis_project\data\train\masks\698.nii.gz,train
699,C:\Users\edimv\Desktop\imagecas_stenosis_project\data\train\images\699.nii.gz,C:\Users\edimv\Desktop\imagecas_stenosis_project\data\train\masks\699.nii.gz,train
7,C:\Users\edimv\Desktop\imagecas_stenosis_project\data\train\images\7.nii.gz,C:\Users\edimv\Desktop\imagecas_stenosis_project\data\train\masks\7.nii.gz,train
70,C:\Users\edimv\Desktop\imagecas_stenosis_project\data\test\images\70.nii.gz,C:\Users\edimv\Desktop\imagecas_stenosis_project\data\test\masks\70.nii.gz,test
700,C:\Users\edimv\Desktop\imagecas_stenosis_project\data\train\images\700.nii.gz,C:\Users\edimv\Desktop\imagecas_stenosis_project\data\train\masks\700.nii.gz,train
701,C:\Users\edimv\Desktop\imagecas_stenosis_project\data\test\images\701.nii.gz,C:\Users\edimv\Desktop\imagecas_stenosis_project\data\test\masks\701.nii.gz,test
702,C:\Users\edimv\Desktop\imagecas_stenosis_project\data\train\images\702.nii.gz,C:\Users\edimv\Desktop\imagecas_stenosis_project\data\train\masks\702.nii.gz,train
703,C:\Users\edimv\Desktop\imagecas_stenosis_project\data\train\images\703.nii.gz,C:\Users\edimv\Desktop\imagecas_stenosis_project\data\train\masks\703.nii.gz,train
704,C:\Users\edimv\Desktop\imagecas_stenosis_project\data\train\images\704.nii.gz,C:\Users\edimv\Desktop\imagecas_stenosis_project\data\train\masks\704.nii.gz,train
705,C:\Users\edimv\Desktop\imagecas_stenosis_project\data\train\images\705.nii.gz,C:\Users\edimv\Desktop\imagecas_stenosis_project\data\train\masks\705.nii.gz,train
706,C:\Users\edimv\Desktop\imagecas_stenosis_project\data\train\images\706.nii.gz,C:\Users\edimv\Desktop\imagecas_stenosis_project\data\train\masks\706.nii.gz,train
707,C:\Users\edimv\Desktop\imagecas_stenosis_project\data\train\images\707.nii.gz,C:\Users\edimv\Desktop\imagecas_stenosis_project\data\train\masks\707.nii.gz,train
708,C:\Users\edimv\Desktop\imagecas_stenosis_project\data\test\images\708.nii.gz,C:\Users\edimv\Desktop\imagecas_stenosis_project\data\test\masks\708.nii.gz,test
709,C:\Users\edimv\Desktop\imagecas_stenosis_project\data\test\images\709.nii.gz,C:\Users\edimv\Desktop\imagecas_stenosis_project\data\test\masks\709.nii.gz,test
71,C:\Users\edimv\Desktop\imagecas_stenosis_project\data\test\images\71.nii.gz,C:\Users\edimv\Desktop\imagecas_stenosis_project\data\test\masks\71.nii.gz,test
710,C:\Users\edimv\Desktop\imagecas_stenosis_project\data\train\images\710.nii.gz,C:\Users\edimv\Desktop\imagecas_stenosis_project\data\train\masks\710.nii.gz,train
711,C:\Users\edimv\Desktop\imagecas_stenosis_project\data\train\images\711.nii.gz,C:\Users\edimv\Desktop\imagecas_stenosis_project\data\train\masks\711.nii.gz,train
712,C:\Users\edimv\Desktop\imagecas_stenosis_project\data\train\images\712.nii.gz,C:\Users\edimv\Desktop\imagecas_stenosis_project\data\train\masks\712.nii.gz,train
713,C:\Users\edimv\Desktop\imagecas_stenosis_project\data\train\images\713.nii.gz,C:\Users\edimv\Desktop\imagecas_stenosis_project\data\train\masks\713.nii.gz,train
714,C:\Users\edimv\Desktop\imagecas_stenosis_project\data\train\images\714.nii.gz,C:\Users\edimv\Desktop\imagecas_stenosis_project\data\train\masks\714.nii.gz,train
715,C:\Users\edimv\Desktop\imagecas_stenosis_project\data\train\images\715.nii.gz,C:\Users\edimv\Desktop\imagecas_stenosis_project\data\train\masks\715.nii.gz,train
716,C:\Users\edimv\Desktop\imagecas_stenosis_project\data\train\images\716.nii.gz,C:\Users\edimv\Desktop\imagecas_stenosis_project\data\train\masks\716.nii.gz,train
717,C:\Users\edimv\Desktop\imagecas_stenosis_project\data\test\images\717.nii.gz,C:\Users\edimv\Desktop\imagecas_stenosis_project\data\test\masks\717.nii.gz,test
718,C:\Users\edimv\Desktop\imagecas_stenosis_project\data\train\images\718.nii.gz,C:\Users\edimv\Desktop\imagecas_stenosis_project\data\train\masks\718.nii.gz,train
719,C:\Users\edimv\Desktop\imagecas_stenosis_project\data\test\images\719.nii.gz,C:\Users\edimv\Desktop\imagecas_stenosis_project\data\test\masks\719.nii.gz,test
72,C:\Users\edimv\Desktop\imagecas_stenosis_project\data\train\images\72.nii.gz,C:\Users\edimv\Desktop\imagecas_stenosis_project\data\train\masks\72.nii.gz,train
720,C:\Users\edimv\Desktop\imagecas_stenosis_project\data\train\images\720.nii.gz,C:\Users\edimv\Desktop\imagecas_stenosis_project\data\train\masks\720.nii.gz,train
721,C:\Users\edimv\Desktop\imagecas_stenosis_project\data\test\images\721.nii.gz,C:\Users\edimv\Desktop\imagecas_stenosis_project\data\test\masks\721.nii.gz,test
722,C:\Users\edimv\Desktop\imagecas_stenosis_project\data\train\images\722.nii.gz,C:\Users\edimv\Desktop\imagecas_stenosis_project\data\train\masks\722.nii.gz,train
723,C:\Users\edimv\Desktop\imagecas_stenosis_project\data\train\images\723.nii.gz,C:\Users\edimv\Desktop\imagecas_stenosis_project\data\train\masks\723.nii.gz,train
724,C:\Users\edimv\Desktop\imagecas_stenosis_project\data\train\images\724.nii.gz,C:\Users\edimv\Desktop\imagecas_stenosis_project\data\train\masks\724.nii.gz,train
725,C:\Users\edimv\Desktop\imagecas_stenosis_project\data\train\images\725.nii.gz,C:\Users\edimv\Desktop\imagecas_stenosis_project\data\train\masks\725.nii.gz,train
726,C:\Users\edimv\Desktop\imagecas_stenosis_project\data\test\images\726.nii.gz,C:\Users\edimv\Desktop\imagecas_stenosis_project\data\test\masks\726.nii.gz,test
727,C:\Users\edimv\Desktop\imagecas_stenosis_project\data\train\images\727.nii.gz,C:\Users\edimv\Desktop\imagecas_stenosis_project\data\train\masks\727.nii.gz,train
728,C:\Users\edimv\Desktop\imagecas_stenosis_project\data\train\images\728.nii.gz,C:\Users\edimv\Desktop\imagecas_stenosis_project\data\train\masks\728.nii.gz,train
729,C:\Users\edimv\Desktop\imagecas_stenosis_project\data\train\images\729.nii.gz,C:\Users\edimv\Desktop\imagecas_stenosis_project\data\train\masks\729.nii.gz,train
73,C:\Users\edimv\Desktop\imagecas_stenosis_project\data\train\images\73.nii.gz,C:\Users\edimv\Desktop\imagecas_stenosis_project\data\train\masks\73.nii.gz,train
730,C:\Users\edimv\Desktop\imagecas_stenosis_project\data\train\images\730.nii.gz,C:\Users\edimv\Desktop\imagecas_stenosis_project\data\train\masks\730.nii.gz,train
731,C:\Users\edimv\Desktop\imagecas_stenosis_project\data\train\images\731.nii.gz,C:\Users\edimv\Desktop\imagecas_stenosis_project\data\train\masks\731.nii.gz,train
732,C:\Users\edimv\Desktop\imagecas_stenosis_project\data\train\images\732.nii.gz,C:\Users\edimv\Desktop\imagecas_stenosis_project\data\train\masks\732.nii.gz,train
733,C:\Users\edimv\Desktop\imagecas_stenosis_project\data\train\images\733.nii.gz,C:\Users\edimv\Desktop\imagecas_stenosis_project\data\train\masks\733.nii.gz,train
734,C:\Users\edimv\Desktop\imagecas_stenosis_project\data\train\images\734.nii.gz,C:\Users\edimv\Desktop\imagecas_stenosis_project\data\train\masks\734.nii.gz,train
735,C:\Users\edimv\Desktop\imagecas_stenosis_project\data\train\images\735.nii.gz,C:\Users\edimv\Desktop\imagecas_stenosis_project\data\train\masks\735.nii.gz,train
736,C:\Users\edimv\Desktop\imagecas_stenosis_project\data\train\images\736.nii.gz,C:\Users\edimv\Desktop\imagecas_stenosis_project\data\train\masks\736.nii.gz,train
737,C:\Users\edimv\Desktop\imagecas_stenosis_project\data\train\images\737.nii.gz,C:\Users\edimv\Desktop\imagecas_stenosis_project\data\train\masks\737.nii.gz,train
738,C:\Users\edimv\Desktop\imagecas_stenosis_project\data\train\images\738.nii.gz,C:\Users\edimv\Desktop\imagecas_stenosis_project\data\train\masks\738.nii.gz,train
739,C:\Users\edimv\Desktop\imagecas_stenosis_project\data\train\images\739.nii.gz,C:\Users\edimv\Desktop\imagecas_stenosis_project\data\train\masks\739.nii.gz,train
74,C:\Users\edimv\Desktop\imagecas_stenosis_project\data\train\images\74.nii.gz,C:\Users\edimv\Desktop\imagecas_stenosis_project\data\train\masks\74.nii.gz,train
740,C:\Users\edimv\Desktop\imagecas_stenosis_project\data\test\images\740.nii.gz,C:\Users\edimv\Desktop\imagecas_stenosis_project\data\test\masks\740.nii.gz,test
741,C:\Users\edimv\Desktop\imagecas_stenosis_project\data\test\images\741.nii.gz,C:\Users\edimv\Desktop\imagecas_stenosis_project\data\test\masks\741.nii.gz,test
742,C:\Users\edimv\Desktop\imagecas_stenosis_project\data\train\images\742.nii.gz,C:\Users\edimv\Desktop\imagecas_stenosis_project\data\train\masks\742.nii.gz,train
743,C:\Users\edimv\Desktop\imagecas_stenosis_project\data\test\images\743.nii.gz,C:\Users\edimv\Desktop\imagecas_stenosis_project\data\test\masks\743.nii.gz,test
744,C:\Users\edimv\Desktop\imagecas_stenosis_project\data\train\images\744.nii.gz,C:\Users\edimv\Desktop\imagecas_stenosis_project\data\train\masks\744.nii.gz,train
745,C:\Users\edimv\Desktop\imagecas_stenosis_project\data\train\images\745.nii.gz,C:\Users\edimv\Desktop\imagecas_stenosis_project\data\train\masks\745.nii.gz,train
746,C:\Users\edimv\Desktop\imagecas_stenosis_project\data\train\images\746.nii.gz,C:\Users\edimv\Desktop\imagecas_stenosis_project\data\train\masks\746.nii.gz,train
747,C:\Users\edimv\Desktop\imagecas_stenosis_project\data\train\images\747.nii.gz,C:\Users\edimv\Desktop\imagecas_stenosis_project\data\train\masks\747.nii.gz,train
748,C:\Users\edimv\Desktop\imagecas_stenosis_project\data\test\images\748.nii.gz,C:\Users\edimv\Desktop\imagecas_stenosis_project\data\test\masks\748.nii.gz,test
749,C:\Users\edimv\Desktop\imagecas_stenosis_project\data\train\images\749.nii.gz,C:\Users\edimv\Desktop\imagecas_stenosis_project\data\train\masks\749.nii.gz,train
75,C:\Users\edimv\Desktop\imagecas_stenosis_project\data\train\images\75.nii.gz,C:\Users\edimv\Desktop\imagecas_stenosis_project\data\train\masks\75.nii.gz,train
750,C:\Users\edimv\Desktop\imagecas_stenosis_project\data\train\images\750.nii.gz,C:\Users\edimv\Desktop\imagecas_stenosis_project\data\train\masks\750.nii.gz,train
751,C:\Users\edimv\Desktop\imagecas_stenosis_project\data\train\images\751.nii.gz,C:\Users\edimv\Desktop\imagecas_stenosis_project\data\train\masks\751.nii.gz,train
752,C:\Users\edimv\Desktop\imagecas_stenosis_project\data\train\images\752.nii.gz,C:\Users\edimv\Desktop\imagecas_stenosis_project\data\train\masks\752.nii.gz,train
753,C:\Users\edimv\Desktop\imagecas_stenosis_project\data\train\images\753.nii.gz,C:\Users\edimv\Desktop\imagecas_stenosis_project\data\train\masks\753.nii.gz,train
754,C:\Users\edimv\Desktop\imagecas_stenosis_project\data\train\images\754.nii.gz,C:\Users\edimv\Desktop\imagecas_stenosis_project\data\train\masks\754.nii.gz,train
755,C:\Users\edimv\Desktop\imagecas_stenosis_project\data\train\images\755.nii.gz,C:\Users\edimv\Desktop\imagecas_stenosis_project\data\train\masks\755.nii.gz,train
756,C:\Users\edimv\Desktop\imagecas_stenosis_project\data\train\images\756.nii.gz,C:\Users\edimv\Desktop\imagecas_stenosis_project\data\train\masks\756.nii.gz,train
757,C:\Users\edimv\Desktop\imagecas_stenosis_project\data\train\images\757.nii.gz,C:\Users\edimv\Desktop\imagecas_stenosis_project\data\train\masks\757.nii.gz,train
758,C:\Users\edimv\Desktop\imagecas_stenosis_project\data\train\images\758.nii.gz,C:\Users\edimv\Desktop\imagecas_stenosis_project\data\train\masks\758.nii.gz,train
759,C:\Users\edimv\Desktop\imagecas_stenosis_project\data\train\images\759.nii.gz,C:\Users\edimv\Desktop\imagecas_stenosis_project\data\train\masks\759.nii.gz,train
76,C:\Users\edimv\Desktop\imagecas_stenosis_project\data\train\images\76.nii.gz,C:\Users\edimv\Desktop\imagecas_stenosis_project\data\train\masks\76.nii.gz,train
760,C:\Users\edimv\Desktop\imagecas_stenosis_project\data\train\images\760.nii.gz,C:\Users\edimv\Desktop\imagecas_stenosis_project\data\train\masks\760.nii.gz,train
761,C:\Users\edimv\Desktop\imagecas_stenosis_project\data\train\images\761.nii.gz,C:\Users\edimv\Desktop\imagecas_stenosis_project\data\train\masks\761.nii.gz,train
762,C:\Users\edimv\Desktop\imagecas_stenosis_project\data\test\images\762.nii.gz,C:\Users\edimv\Desktop\imagecas_stenosis_project\data\test\masks\762.nii.gz,test
763,C:\Users\edimv\Desktop\imagecas_stenosis_project\data\train\images\763.nii.gz,C:\Users\edimv\Desktop\imagecas_stenosis_project\data\train\masks\763.nii.gz,train
764,C:\Users\edimv\Desktop\imagecas_stenosis_project\data\train\images\764.nii.gz,C:\Users\edimv\Desktop\imagecas_stenosis_project\data\train\masks\764.nii.gz,train
765,C:\Users\edimv\Desktop\imagecas_stenosis_project\data\test\images\765.nii.gz,C:\Users\edimv\Desktop\imagecas_stenosis_project\data\test\masks\765.nii.gz,test
766,C:\Users\edimv\Desktop\imagecas_stenosis_project\data\test\images\766.nii.gz,C:\Users\edimv\Desktop\imagecas_stenosis_project\data\test\masks\766.nii.gz,test
767,C:\Users\edimv\Desktop\imagecas_stenosis_project\data\train\images\767.nii.gz,C:\Users\edimv\Desktop\imagecas_stenosis_project\data\train\masks\767.nii.gz,train
768,C:\Users\edimv\Desktop\imagecas_stenosis_project\data\train\images\768.nii.gz,C:\Users\edimv\Desktop\imagecas_stenosis_project\data\train\masks\768.nii.gz,train
769,C:\Users\edimv\Desktop\imagecas_stenosis_project\data\train\images\769.nii.gz,C:\Users\edimv\Desktop\imagecas_stenosis_project\data\train\masks\769.nii.gz,train
77,C:\Users\edimv\Desktop\imagecas_stenosis_project\data\train\images\77.nii.gz,C:\Users\edimv\Desktop\imagecas_stenosis_project\data\train\masks\77.nii.gz,train
770,C:\Users\edimv\Desktop\imagecas_stenosis_project\data\train\images\770.nii.gz,C:\Users\edimv\Desktop\imagecas_stenosis_project\data\train\masks\770.nii.gz,train
771,C:\Users\edimv\Desktop\imagecas_stenosis_project\data\train\images\771.nii.gz,C:\Users\edimv\Desktop\imagecas_stenosis_project\data\train\masks\771.nii.gz,train
772,C:\Users\edimv\Desktop\imagecas_stenosis_project\data\train\images\772.nii.gz,C:\Users\edimv\Desktop\imagecas_stenosis_project\data\train\masks\772.nii.gz,train
773,C:\Users\edimv\Desktop\imagecas_stenosis_project\data\test\images\773.nii.gz,C:\Users\edimv\Desktop\imagecas_stenosis_project\data\test\masks\773.nii.gz,test
774,C:\Users\edimv\Desktop\imagecas_stenosis_project\data\train\images\774.nii.gz,C:\Users\edimv\Desktop\imagecas_stenosis_project\data\train\masks\774.nii.gz,train
775,C:\Users\edimv\Desktop\imagecas_stenosis_project\data\train\images\775.nii.gz,C:\Users\edimv\Desktop\imagecas_stenosis_project\data\train\masks\775.nii.gz,train
776,C:\Users\edimv\Desktop\imagecas_stenosis_project\data\train\images\776.nii.gz,C:\Users\edimv\Desktop\imagecas_stenosis_project\data\train\masks\776.nii.gz,train
777,C:\Users\edimv\Desktop\imagecas_stenosis_project\data\test\images\777.nii.gz,C:\Users\edimv\Desktop\imagecas_stenosis_project\data\test\masks\777.nii.gz,test
778,C:\Users\edimv\Desktop\imagecas_stenosis_project\data\train\images\778.nii.gz,C:\Users\edimv\Desktop\imagecas_stenosis_project\data\train\masks\778.nii.gz,train
779,C:\Users\edimv\Desktop\imagecas_stenosis_project\data\train\images\779.nii.gz,C:\Users\edimv\Desktop\imagecas_stenosis_project\data\train\masks\779.nii.gz,train
78,C:\Users\edimv\Desktop\imagecas_stenosis_project\data\train\images\78.nii.gz,C:\Users\edimv\Desktop\imagecas_stenosis_project\data\train\masks\78.nii.gz,train
780,C:\Users\edimv\Desktop\imagecas_stenosis_project\data\train\images\780.nii.gz,C:\Users\edimv\Desktop\imagecas_stenosis_project\data\train\masks\780.nii.gz,train
781,C:\Users\edimv\Desktop\imagecas_stenosis_project\data\train\images\781.nii.gz,C:\Users\edimv\Desktop\imagecas_stenosis_project\data\train\masks\781.nii.gz,train
782,C:\Users\edimv\Desktop\imagecas_stenosis_project\data\train\images\782.nii.gz,C:\Users\edimv\Desktop\imagecas_stenosis_project\data\train\masks\782.nii.gz,train
783,C:\Users\edimv\Desktop\imagecas_stenosis_project\data\train\images\783.nii.gz,C:\Users\edimv\Desktop\imagecas_stenosis_project\data\train\masks\783.nii.gz,train
784,C:\Users\edimv\Desktop\imagecas_stenosis_project\data\test\images\784.nii.gz,C:\Users\edimv\Desktop\imagecas_stenosis_project\data\test\masks\784.nii.gz,test
785,C:\Users\edimv\Desktop\imagecas_stenosis_project\data\train\images\785.nii.gz,C:\Users\edimv\Desktop\imagecas_stenosis_project\data\train\masks\785.nii.gz,train
786,C:\Users\edimv\Desktop\imagecas_stenosis_project\data\train\images\786.nii.gz,C:\Users\edimv\Desktop\imagecas_stenosis_project\data\train\masks\786.nii.gz,train
787,C:\Users\edimv\Desktop\imagecas_stenosis_project\data\test\images\787.nii.gz,C:\Users\edimv\Desktop\imagecas_stenosis_project\data\test\masks\787.nii.gz,test
788,C:\Users\edimv\Desktop\imagecas_stenosis_project\data\train\images\788.nii.gz,C:\Users\edimv\Desktop\imagecas_stenosis_project\data\train\masks\788.nii.gz,train
789,C:\Users\edimv\Desktop\imagecas_stenosis_project\data\train\images\789.nii.gz,C:\Users\edimv\Desktop\imagecas_stenosis_project\data\train\masks\789.nii.gz,train
79,C:\Users\edimv\Desktop\imagecas_stenosis_project\data\test\images\79.nii.gz,C:\Users\edimv\Desktop\imagecas_stenosis_project\data\test\masks\79.nii.gz,test
790,C:\Users\edimv\Desktop\imagecas_stenosis_project\data\train\images\790.nii.gz,C:\Users\edimv\Desktop\imagecas_stenosis_project\data\train\masks\790.nii.gz,train
791,C:\Users\edimv\Desktop\imagecas_stenosis_project\data\train\images\791.nii.gz,C:\Users\edimv\Desktop\imagecas_stenosis_project\data\train\masks\791.nii.gz,train
792,C:\Users\edimv\Desktop\imagecas_stenosis_project\data\train\images\792.nii.gz,C:\Users\edimv\Desktop\imagecas_stenosis_project\data\train\masks\792.nii.gz,train
793,C:\Users\edimv\Desktop\imagecas_stenosis_project\data\train\images\793.nii.gz,C:\Users\edimv\Desktop\imagecas_stenosis_project\data\train\masks\793.nii.gz,train
794,C:\Users\edimv\Desktop\imagecas_stenosis_project\data\train\images\794.nii.gz,C:\Users\edimv\Desktop\imagecas_stenosis_project\data\train\masks\794.nii.gz,train
795,C:\Users\edimv\Desktop\imagecas_stenosis_project\data\train\images\795.nii.gz,C:\Users\edimv\Desktop\imagecas_stenosis_project\data\train\masks\795.nii.gz,train
796,C:\Users\edimv\Desktop\imagecas_stenosis_project\data\train\images\796.nii.gz,C:\Users\edimv\Desktop\imagecas_stenosis_project\data\train\masks\796.nii.gz,train
797,C:\Users\edimv\Desktop\imagecas_stenosis_project\data\train\images\797.nii.gz,C:\Users\edimv\Desktop\imagecas_stenosis_project\data\train\masks\797.nii.gz,train
798,C:\Users\edimv\Desktop\imagecas_stenosis_project\data\train\images\798.nii.gz,C:\Users\edimv\Desktop\imagecas_stenosis_project\data\train\masks\798.nii.gz,train
799,C:\Users\edimv\Desktop\imagecas_stenosis_project\data\train\images\799.nii.gz,C:\Users\edimv\Desktop\imagecas_stenosis_project\data\train\masks\799.nii.gz,train
8,C:\Users\edimv\Desktop\imagecas_stenosis_project\data\train\images\8.nii.gz,C:\Users\edimv\Desktop\imagecas_stenosis_project\data\train\masks\8.nii.gz,train
80,C:\Users\edimv\Desktop\imagecas_stenosis_project\data\train\images\80.nii.gz,C:\Users\edimv\Desktop\imagecas_stenosis_project\data\train\masks\80.nii.gz,train
800,C:\Users\edimv\Desktop\imagecas_stenosis_project\data\train\images\800.nii.gz,C:\Users\edimv\Desktop\imagecas_stenosis_project\data\train\masks\800.nii.gz,train
801,C:\Users\edimv\Desktop\imagecas_stenosis_project\data\train\images\801.nii.gz,C:\Users\edimv\Desktop\imagecas_stenosis_project\data\train\masks\801.nii.gz,train
802,C:\Users\edimv\Desktop\imagecas_stenosis_project\data\train\images\802.nii.gz,C:\Users\edimv\Desktop\imagecas_stenosis_project\data\train\masks\802.nii.gz,train
803,C:\Users\edimv\Desktop\imagecas_stenosis_project\data\train\images\803.nii.gz,C:\Users\edimv\Desktop\imagecas_stenosis_project\data\train\masks\803.nii.gz,train
804,C:\Users\edimv\Desktop\imagecas_stenosis_project\data\train\images\804.nii.gz,C:\Users\edimv\Desktop\imagecas_stenosis_project\data\train\masks\804.nii.gz,train
805,C:\Users\edimv\Desktop\imagecas_stenosis_project\data\train\images\805.nii.gz,C:\Users\edimv\Desktop\imagecas_stenosis_project\data\train\masks\805.nii.gz,train
806,C:\Users\edimv\Desktop\imagecas_stenosis_project\data\train\images\806.nii.gz,C:\Users\edimv\Desktop\imagecas_stenosis_project\data\train\masks\806.nii.gz,train
807,C:\Users\edimv\Desktop\imagecas_stenosis_project\data\test\images\807.nii.gz,C:\Users\edimv\Desktop\imagecas_stenosis_project\data\test\masks\807.nii.gz,test
808,C:\Users\edimv\Desktop\imagecas_stenosis_project\data\train\images\808.nii.gz,C:\Users\edimv\Desktop\imagecas_stenosis_project\data\train\masks\808.nii.gz,train
809,C:\Users\edimv\Desktop\imagecas_stenosis_project\data\train\images\809.nii.gz,C:\Users\edimv\Desktop\imagecas_stenosis_project\data\train\masks\809.nii.gz,train
81,C:\Users\edimv\Desktop\imagecas_stenosis_project\data\train\images\81.nii.gz,C:\Users\edimv\Desktop\imagecas_stenosis_project\data\train\masks\81.nii.gz,train
810,C:\Users\edimv\Desktop\imagecas_stenosis_project\data\train\images\810.nii.gz,C:\Users\edimv\Desktop\imagecas_stenosis_project\data\train\masks\810.nii.gz,train
811,C:\Users\edimv\Desktop\imagecas_stenosis_project\data\train\images\811.nii.gz,C:\Users\edimv\Desktop\imagecas_stenosis_project\data\train\masks\811.nii.gz,train
812,C:\Users\edimv\Desktop\imagecas_stenosis_project\data\train\images\812.nii.gz,C:\Users\edimv\Desktop\imagecas_stenosis_project\data\train\masks\812.nii.gz,train
813,C:\Users\edimv\Desktop\imagecas_stenosis_project\data\train\images\813.nii.gz,C:\Users\edimv\Desktop\imagecas_stenosis_project\data\train\masks\813.nii.gz,train
814,C:\Users\edimv\Desktop\imagecas_stenosis_project\data\train\images\814.nii.gz,C:\Users\edimv\Desktop\imagecas_stenosis_project\data\train\masks\814.nii.gz,train
815,C:\Users\edimv\Desktop\imagecas_stenosis_project\data\train\images\815.nii.gz,C:\Users\edimv\Desktop\imagecas_stenosis_project\data\train\masks\815.nii.gz,train
816,C:\Users\edimv\Desktop\imagecas_stenosis_project\data\train\images\816.nii.gz,C:\Users\edimv\Desktop\imagecas_stenosis_project\data\train\masks\816.nii.gz,train
817,C:\Users\edimv\Desktop\imagecas_stenosis_project\data\train\images\817.nii.gz,C:\Users\edimv\Desktop\imagecas_stenosis_project\data\train\masks\817.nii.gz,train
818,C:\Users\edimv\Desktop\imagecas_stenosis_project\data\train\images\818.nii.gz,C:\Users\edimv\Desktop\imagecas_stenosis_project\data\train\masks\818.nii.gz,train
819,C:\Users\edimv\Desktop\imagecas_stenosis_project\data\test\images\819.nii.gz,C:\Users\edimv\Desktop\imagecas_stenosis_project\data\test\masks\819.nii.gz,test
82,C:\Users\edimv\Desktop\imagecas_stenosis_project\data\train\images\82.nii.gz,C:\Users\edimv\Desktop\imagecas_stenosis_project\data\train\masks\82.nii.gz,train
820,C:\Users\edimv\Desktop\imagecas_stenosis_project\data\test\images\820.nii.gz,C:\Users\edimv\Desktop\imagecas_stenosis_project\data\test\masks\820.nii.gz,test
821,C:\Users\edimv\Desktop\imagecas_stenosis_project\data\train\images\821.nii.gz,C:\Users\edimv\Desktop\imagecas_stenosis_project\data\train\masks\821.nii.gz,train
822,C:\Users\edimv\Desktop\imagecas_stenosis_project\data\train\images\822.nii.gz,C:\Users\edimv\Desktop\imagecas_stenosis_project\data\train\masks\822.nii.gz,train
823,C:\Users\edimv\Desktop\imagecas_stenosis_project\data\train\images\823.nii.gz,C:\Users\edimv\Desktop\imagecas_stenosis_project\data\train\masks\823.nii.gz,train
824,C:\Users\edimv\Desktop\imagecas_stenosis_project\data\train\images\824.nii.gz,C:\Users\edimv\Desktop\imagecas_stenosis_project\data\train\masks\824.nii.gz,train
825,C:\Users\edimv\Desktop\imagecas_stenosis_project\data\train\images\825.nii.gz,C:\Users\edimv\Desktop\imagecas_stenosis_project\data\train\masks\825.nii.gz,train
826,C:\Users\edimv\Desktop\imagecas_stenosis_project\data\train\images\826.nii.gz,C:\Users\edimv\Desktop\imagecas_stenosis_project\data\train\masks\826.nii.gz,train
827,C:\Users\edimv\Desktop\imagecas_stenosis_project\data\train\images\827.nii.gz,C:\Users\edimv\Desktop\imagecas_stenosis_project\data\train\masks\827.nii.gz,train
828,C:\Users\edimv\Desktop\imagecas_stenosis_project\data\test\images\828.nii.gz,C:\Users\edimv\Desktop\imagecas_stenosis_project\data\test\masks\828.nii.gz,test
829,C:\Users\edimv\Desktop\imagecas_stenosis_project\data\test\images\829.nii.gz,C:\Users\edimv\Desktop\imagecas_stenosis_project\data\test\masks\829.nii.gz,test
83,C:\Users\edimv\Desktop\imagecas_stenosis_project\data\train\images\83.nii.gz,C:\Users\edimv\Desktop\imagecas_stenosis_project\data\train\masks\83.nii.gz,train
830,C:\Users\edimv\Desktop\imagecas_stenosis_project\data\train\images\830.nii.gz,C:\Users\edimv\Desktop\imagecas_stenosis_project\data\train\masks\830.nii.gz,train
831,C:\Users\edimv\Desktop\imagecas_stenosis_project\data\train\images\831.nii.gz,C:\Users\edimv\Desktop\imagecas_stenosis_project\data\train\masks\831.nii.gz,train
832,C:\Users\edimv\Desktop\imagecas_stenosis_project\data\train\images\832.nii.gz,C:\Users\edimv\Desktop\imagecas_stenosis_project\data\train\masks\832.nii.gz,train
833,C:\Users\edimv\Desktop\imagecas_stenosis_project\data\test\images\833.nii.gz,C:\Users\edimv\Desktop\imagecas_stenosis_project\data\test\masks\833.nii.gz,test
834,C:\Users\edimv\Desktop\imagecas_stenosis_project\data\train\images\834.nii.gz,C:\Users\edimv\Desktop\imagecas_stenosis_project\data\train\masks\834.nii.gz,train
835,C:\Users\edimv\Desktop\imagecas_stenosis_project\data\train\images\835.nii.gz,C:\Users\edimv\Desktop\imagecas_stenosis_project\data\train\masks\835.nii.gz,train
836,C:\Users\edimv\Desktop\imagecas_stenosis_project\data\train\images\836.nii.gz,C:\Users\edimv\Desktop\imagecas_stenosis_project\data\train\masks\836.nii.gz,train
837,C:\Users\edimv\Desktop\imagecas_stenosis_project\data\test\images\837.nii.gz,C:\Users\edimv\Desktop\imagecas_stenosis_project\data\test\masks\837.nii.gz,test
838,C:\Users\edimv\Desktop\imagecas_stenosis_project\data\train\images\838.nii.gz,C:\Users\edimv\Desktop\imagecas_stenosis_project\data\train\masks\838.nii.gz,train
839,C:\Users\edimv\Desktop\imagecas_stenosis_project\data\test\images\839.nii.gz,C:\Users\edimv\Desktop\imagecas_stenosis_project\data\test\masks\839.nii.gz,test
84,C:\Users\edimv\Desktop\imagecas_stenosis_project\data\test\images\84.nii.gz,C:\Users\edimv\Desktop\imagecas_stenosis_project\data\test\masks\84.nii.gz,test
840,C:\Users\edimv\Desktop\imagecas_stenosis_project\data\train\images\840.nii.gz,C:\Users\edimv\Desktop\imagecas_stenosis_project\data\train\masks\840.nii.gz,train
841,C:\Users\edimv\Desktop\imagecas_stenosis_project\data\train\images\841.nii.gz,C:\Users\edimv\Desktop\imagecas_stenosis_project\data\train\masks\841.nii.gz,train
842,C:\Users\edimv\Desktop\imagecas_stenosis_project\data\test\images\842.nii.gz,C:\Users\edimv\Desktop\imagecas_stenosis_project\data\test\masks\842.nii.gz,test
843,C:\Users\edimv\Desktop\imagecas_stenosis_project\data\train\images\843.nii.gz,C:\Users\edimv\Desktop\imagecas_stenosis_project\data\train\masks\843.nii.gz,train
844,C:\Users\edimv\Desktop\imagecas_stenosis_project\data\train\images\844.nii.gz,C:\Users\edimv\Desktop\imagecas_stenosis_project\data\train\masks\844.nii.gz,train
845,C:\Users\edimv\Desktop\imagecas_stenosis_project\data\test\images\845.nii.gz,C:\Users\edimv\Desktop\imagecas_stenosis_project\data\test\masks\845.nii.gz,test
846,C:\Users\edimv\Desktop\imagecas_stenosis_project\data\train\images\846.nii.gz,C:\Users\edimv\Desktop\imagecas_stenosis_project\data\train\masks\846.nii.gz,train
847,C:\Users\edimv\Desktop\imagecas_stenosis_project\data\train\images\847.nii.gz,C:\Users\edimv\Desktop\imagecas_stenosis_project\data\train\masks\847.nii.gz,train
848,C:\Users\edimv\Desktop\imagecas_stenosis_project\data\train\images\848.nii.gz,C:\Users\edimv\Desktop\imagecas_stenosis_project\data\train\masks\848.nii.gz,train
849,C:\Users\edimv\Desktop\imagecas_stenosis_project\data\train\images\849.nii.gz,C:\Users\edimv\Desktop\imagecas_stenosis_project\data\train\masks\849.nii.gz,train
85,C:\Users\edimv\Desktop\imagecas_stenosis_project\data\train\images\85.nii.gz,C:\Users\edimv\Desktop\imagecas_stenosis_project\data\train\masks\85.nii.gz,train
850,C:\Users\edimv\Desktop\imagecas_stenosis_project\data\train\images\850.nii.gz,C:\Users\edimv\Desktop\imagecas_stenosis_project\data\train\masks\850.nii.gz,train
851,C:\Users\edimv\Desktop\imagecas_stenosis_project\data\train\images\851.nii.gz,C:\Users\edimv\Desktop\imagecas_stenosis_project\data\train\masks\851.nii.gz,train
852,C:\Users\edimv\Desktop\imagecas_stenosis_project\data\test\images\852.nii.gz,C:\Users\edimv\Desktop\imagecas_stenosis_project\data\test\masks\852.nii.gz,test
853,C:\Users\edimv\Desktop\imagecas_stenosis_project\data\train\images\853.nii.gz,C:\Users\edimv\Desktop\imagecas_stenosis_project\data\train\masks\853.nii.gz,train
854,C:\Users\edimv\Desktop\imagecas_stenosis_project\data\train\images\854.nii.gz,C:\Users\edimv\Desktop\imagecas_stenosis_project\data\train\masks\854.nii.gz,train
855,C:\Users\edimv\Desktop\imagecas_stenosis_project\data\train\images\855.nii.gz,C:\Users\edimv\Desktop\imagecas_stenosis_project\data\train\masks\855.nii.gz,train
856,C:\Users\edimv\Desktop\imagecas_stenosis_project\data\train\images\856.nii.gz,C:\Users\edimv\Desktop\imagecas_stenosis_project\data\train\masks\856.nii.gz,train
857,C:\Users\edimv\Desktop\imagecas_stenosis_project\data\train\images\857.nii.gz,C:\Users\edimv\Desktop\imagecas_stenosis_project\data\train\masks\857.nii.gz,train
858,C:\Users\edimv\Desktop\imagecas_stenosis_project\data\train\images\858.nii.gz,C:\Users\edimv\Desktop\imagecas_stenosis_project\data\train\masks\858.nii.gz,train
859,C:\Users\edimv\Desktop\imagecas_stenosis_project\data\train\images\859.nii.gz,C:\Users\edimv\Desktop\imagecas_stenosis_project\data\train\masks\859.nii.gz,train
86,C:\Users\edimv\Desktop\imagecas_stenosis_project\data\test\images\86.nii.gz,C:\Users\edimv\Desktop\imagecas_stenosis_project\data\test\masks\86.nii.gz,test
860,C:\Users\edimv\Desktop\imagecas_stenosis_project\data\train\images\860.nii.gz,C:\Users\edimv\Desktop\imagecas_stenosis_project\data\train\masks\860.nii.gz,train
861,C:\Users\edimv\Desktop\imagecas_stenosis_project\data\train\images\861.nii.gz,C:\Users\edimv\Desktop\imagecas_stenosis_project\data\train\masks\861.nii.gz,train
862,C:\Users\edimv\Desktop\imagecas_stenosis_project\data\train\images\862.nii.gz,C:\Users\edimv\Desktop\imagecas_stenosis_project\data\train\masks\862.nii.gz,train
863,C:\Users\edimv\Desktop\imagecas_stenosis_project\data\test\images\863.nii.gz,C:\Users\edimv\Desktop\imagecas_stenosis_project\data\test\masks\863.nii.gz,test
864,C:\Users\edimv\Desktop\imagecas_stenosis_project\data\train\images\864.nii.gz,C:\Users\edimv\Desktop\imagecas_stenosis_project\data\train\masks\864.nii.gz,train
865,C:\Users\edimv\Desktop\imagecas_stenosis_project\data\train\images\865.nii.gz,C:\Users\edimv\Desktop\imagecas_stenosis_project\data\train\masks\865.nii.gz,train
866,C:\Users\edimv\Desktop\imagecas_stenosis_project\data\train\images\866.nii.gz,C:\Users\edimv\Desktop\imagecas_stenosis_project\data\train\masks\866.nii.gz,train
867,C:\Users\edimv\Desktop\imagecas_stenosis_project\data\train\images\867.nii.gz,C:\Users\edimv\Desktop\imagecas_stenosis_project\data\train\masks\867.nii.gz,train
868,C:\Users\edimv\Desktop\imagecas_stenosis_project\data\train\images\868.nii.gz,C:\Users\edimv\Desktop\imagecas_stenosis_project\data\train\masks\868.nii.gz,train
869,C:\Users\edimv\Desktop\imagecas_stenosis_project\data\train\images\869.nii.gz,C:\Users\edimv\Desktop\imagecas_stenosis_project\data\train\masks\869.nii.gz,train
87,C:\Users\edimv\Desktop\imagecas_stenosis_project\data\train\images\87.nii.gz,C:\Users\edimv\Desktop\imagecas_stenosis_project\data\train\masks\87.nii.gz,train
870,C:\Users\edimv\Desktop\imagecas_stenosis_project\data\train\images\870.nii.gz,C:\Users\edimv\Desktop\imagecas_stenosis_project\data\train\masks\870.nii.gz,train
871,C:\Users\edimv\Desktop\imagecas_stenosis_project\data\train\images\871.nii.gz,C:\Users\edimv\Desktop\imagecas_stenosis_project\data\train\masks\871.nii.gz,train
872,C:\Users\edimv\Desktop\imagecas_stenosis_project\data\test\images\872.nii.gz,C:\Users\edimv\Desktop\imagecas_stenosis_project\data\test\masks\872.nii.gz,test
873,C:\Users\edimv\Desktop\imagecas_stenosis_project\data\train\images\873.nii.gz,C:\Users\edimv\Desktop\imagecas_stenosis_project\data\train\masks\873.nii.gz,train
874,C:\Users\edimv\Desktop\imagecas_stenosis_project\data\train\images\874.nii.gz,C:\Users\edimv\Desktop\imagecas_stenosis_project\data\train\masks\874.nii.gz,train
875,C:\Users\edimv\Desktop\imagecas_stenosis_project\data\train\images\875.nii.gz,C:\Users\edimv\Desktop\imagecas_stenosis_project\data\train\masks\875.nii.gz,train
876,C:\Users\edimv\Desktop\imagecas_stenosis_project\data\train\images\876.nii.gz,C:\Users\edimv\Desktop\imagecas_stenosis_project\data\train\masks\876.nii.gz,train
877,C:\Users\edimv\Desktop\imagecas_stenosis_project\data\train\images\877.nii.gz,C:\Users\edimv\Desktop\imagecas_stenosis_project\data\train\masks\877.nii.gz,train
878,C:\Users\edimv\Desktop\imagecas_stenosis_project\data\test\images\878.nii.gz,C:\Users\edimv\Desktop\imagecas_stenosis_project\data\test\masks\878.nii.gz,test
879,C:\Users\edimv\Desktop\imagecas_stenosis_project\data\test\images\879.nii.gz,C:\Users\edimv\Desktop\imagecas_stenosis_project\data\test\masks\879.nii.gz,test
88,C:\Users\edimv\Desktop\imagecas_stenosis_project\data\test\images\88.nii.gz,C:\Users\edimv\Desktop\imagecas_stenosis_project\data\test\masks\88.nii.gz,test
880,C:\Users\edimv\Desktop\imagecas_stenosis_project\data\train\images\880.nii.gz,C:\Users\edimv\Desktop\imagecas_stenosis_project\data\train\masks\880.nii.gz,train
881,C:\Users\edimv\Desktop\imagecas_stenosis_project\data\train\images\881.nii.gz,C:\Users\edimv\Desktop\imagecas_stenosis_project\data\train\masks\881.nii.gz,train
882,C:\Users\edimv\Desktop\imagecas_stenosis_project\data\train\images\882.nii.gz,C:\Users\edimv\Desktop\imagecas_stenosis_project\data\train\masks\882.nii.gz,train
883,C:\Users\edimv\Desktop\imagecas_stenosis_project\data\train\images\883.nii.gz,C:\Users\edimv\Desktop\imagecas_stenosis_project\data\train\masks\883.nii.gz,train
884,C:\Users\edimv\Desktop\imagecas_stenosis_project\data\train\images\884.nii.gz,C:\Users\edimv\Desktop\imagecas_stenosis_project\data\train\masks\884.nii.gz,train
885,C:\Users\edimv\Desktop\imagecas_stenosis_project\data\train\images\885.nii.gz,C:\Users\edimv\Desktop\imagecas_stenosis_project\data\train\masks\885.nii.gz,train
886,C:\Users\edimv\Desktop\imagecas_stenosis_project\data\train\images\886.nii.gz,C:\Users\edimv\Desktop\imagecas_stenosis_project\data\train\masks\886.nii.gz,train
887,C:\Users\edimv\Desktop\imagecas_stenosis_project\data\train\images\887.nii.gz,C:\Users\edimv\Desktop\imagecas_stenosis_project\data\train\masks\887.nii.gz,train
888,C:\Users\edimv\Desktop\imagecas_stenosis_project\data\train\images\888.nii.gz,C:\Users\edimv\Desktop\imagecas_stenosis_project\data\train\masks\888.nii.gz,train
889,C:\Users\edimv\Desktop\imagecas_stenosis_project\data\train\images\889.nii.gz,C:\Users\edimv\Desktop\imagecas_stenosis_project\data\train\masks\889.nii.gz,train
89,C:\Users\edimv\Desktop\imagecas_stenosis_project\data\train\images\89.nii.gz,C:\Users\edimv\Desktop\imagecas_stenosis_project\data\train\masks\89.nii.gz,train
890,C:\Users\edimv\Desktop\imagecas_stenosis_project\data\test\images\890.nii.gz,C:\Users\edimv\Desktop\imagecas_stenosis_project\data\test\masks\890.nii.gz,test
891,C:\Users\edimv\Desktop\imagecas_stenosis_project\data\train\images\891.nii.gz,C:\Users\edimv\Desktop\imagecas_stenosis_project\data\train\masks\891.nii.gz,train
892,C:\Users\edimv\Desktop\imagecas_stenosis_project\data\train\images\892.nii.gz,C:\Users\edimv\Desktop\imagecas_stenosis_project\data\train\masks\892.nii.gz,train
893,C:\Users\edimv\Desktop\imagecas_stenosis_project\data\train\images\893.nii.gz,C:\Users\edimv\Desktop\imagecas_stenosis_project\data\train\masks\893.nii.gz,train
894,C:\Users\edimv\Desktop\imagecas_stenosis_project\data\test\images\894.nii.gz,C:\Users\edimv\Desktop\imagecas_stenosis_project\data\test\masks\894.nii.gz,test
895,C:\Users\edimv\Desktop\imagecas_stenosis_project\data\test\images\895.nii.gz,C:\Users\edimv\Desktop\imagecas_stenosis_project\data\test\masks\895.nii.gz,test
896,C:\Users\edimv\Desktop\imagecas_stenosis_project\data\train\images\896.nii.gz,C:\Users\edimv\Desktop\imagecas_stenosis_project\data\train\masks\896.nii.gz,train
897,C:\Users\edimv\Desktop\imagecas_stenosis_project\data\train\images\897.nii.gz,C:\Users\edimv\Desktop\imagecas_stenosis_project\data\train\masks\897.nii.gz,train
898,C:\Users\edimv\Desktop\imagecas_stenosis_project\data\train\images\898.nii.gz,C:\Users\edimv\Desktop\imagecas_stenosis_project\data\train\masks\898.nii.gz,train
899,C:\Users\edimv\Desktop\imagecas_stenosis_project\data\train\images\899.nii.gz,C:\Users\edimv\Desktop\imagecas_stenosis_project\data\train\masks\899.nii.gz,train
9,C:\Users\edimv\Desktop\imagecas_stenosis_project\data\train\images\9.nii.gz,C:\Users\edimv\Desktop\imagecas_stenosis_project\data\train\masks\9.nii.gz,train
90,C:\Users\edimv\Desktop\imagecas_stenosis_project\data\train\images\90.nii.gz,C:\Users\edimv\Desktop\imagecas_stenosis_project\data\train\masks\90.nii.gz,train
900,C:\Users\edimv\Desktop\imagecas_stenosis_project\data\train\images\900.nii.gz,C:\Users\edimv\Desktop\imagecas_stenosis_project\data\train\masks\900.nii.gz,train
901,C:\Users\edimv\Desktop\imagecas_stenosis_project\data\test\images\901.nii.gz,C:\Users\edimv\Desktop\imagecas_stenosis_project\data\test\masks\901.nii.gz,test
902,C:\Users\edimv\Desktop\imagecas_stenosis_project\data\test\images\902.nii.gz,C:\Users\edimv\Desktop\imagecas_stenosis_project\data\test\masks\902.nii.gz,test
903,C:\Users\edimv\Desktop\imagecas_stenosis_project\data\train\images\903.nii.gz,C:\Users\edimv\Desktop\imagecas_stenosis_project\data\train\masks\903.nii.gz,train
904,C:\Users\edimv\Desktop\imagecas_stenosis_project\data\train\images\904.nii.gz,C:\Users\edimv\Desktop\imagecas_stenosis_project\data\train\masks\904.nii.gz,train
905,C:\Users\edimv\Desktop\imagecas_stenosis_project\data\train\images\905.nii.gz,C:\Users\edimv\Desktop\imagecas_stenosis_project\data\train\masks\905.nii.gz,train
906,C:\Users\edimv\Desktop\imagecas_stenosis_project\data\train\images\906.nii.gz,C:\Users\edimv\Desktop\imagecas_stenosis_project\data\train\masks\906.nii.gz,train
907,C:\Users\edimv\Desktop\imagecas_stenosis_project\data\train\images\907.nii.gz,C:\Users\edimv\Desktop\imagecas_stenosis_project\data\train\masks\907.nii.gz,train
908,C:\Users\edimv\Desktop\imagecas_stenosis_project\data\test\images\908.nii.gz,C:\Users\edimv\Desktop\imagecas_stenosis_project\data\test\masks\908.nii.gz,test
909,C:\Users\edimv\Desktop\imagecas_stenosis_project\data\train\images\909.nii.gz,C:\Users\edimv\Desktop\imagecas_stenosis_project\data\train\masks\909.nii.gz,train
91,C:\Users\edimv\Desktop\imagecas_stenosis_project\data\test\images\91.nii.gz,C:\Users\edimv\Desktop\imagecas_stenosis_project\data\test\masks\91.nii.gz,test
910,C:\Users\edimv\Desktop\imagecas_stenosis_project\data\test\images\910.nii.gz,C:\Users\edimv\Desktop\imagecas_stenosis_project\data\test\masks\910.nii.gz,test
911,C:\Users\edimv\Desktop\imagecas_stenosis_project\data\train\images\911.nii.gz,C:\Users\edimv\Desktop\imagecas_stenosis_project\data\train\masks\911.nii.gz,train
912,C:\Users\edimv\Desktop\imagecas_stenosis_project\data\train\images\912.nii.gz,C:\Users\edimv\Desktop\imagecas_stenosis_project\data\train\masks\912.nii.gz,train
913,C:\Users\edimv\Desktop\imagecas_stenosis_project\data\train\images\913.nii.gz,C:\Users\edimv\Desktop\imagecas_stenosis_project\data\train\masks\913.nii.gz,train
914,C:\Users\edimv\Desktop\imagecas_stenosis_project\data\train\images\914.nii.gz,C:\Users\edimv\Desktop\imagecas_stenosis_project\data\train\masks\914.nii.gz,train
915,C:\Users\edimv\Desktop\imagecas_stenosis_project\data\train\images\915.nii.gz,C:\Users\edimv\Desktop\imagecas_stenosis_project\data\train\masks\915.nii.gz,train
916,C:\Users\edimv\Desktop\imagecas_stenosis_project\data\train\images\916.nii.gz,C:\Users\edimv\Desktop\imagecas_stenosis_project\data\train\masks\916.nii.gz,train
917,C:\Users\edimv\Desktop\imagecas_stenosis_project\data\train\images\917.nii.gz,C:\Users\edimv\Desktop\imagecas_stenosis_project\data\train\masks\917.nii.gz,train
918,C:\Users\edimv\Desktop\imagecas_stenosis_project\data\train\images\918.nii.gz,C:\Users\edimv\Desktop\imagecas_stenosis_project\data\train\masks\918.nii.gz,train
919,C:\Users\edimv\Desktop\imagecas_stenosis_project\data\train\images\919.nii.gz,C:\Users\edimv\Desktop\imagecas_stenosis_project\data\train\masks\919.nii.gz,train
92,C:\Users\edimv\Desktop\imagecas_stenosis_project\data\train\images\92.nii.gz,C:\Users\edimv\Desktop\imagecas_stenosis_project\data\train\masks\92.nii.gz,train
920,C:\Users\edimv\Desktop\imagecas_stenosis_project\data\train\images\920.nii.gz,C:\Users\edimv\Desktop\imagecas_stenosis_project\data\train\masks\920.nii.gz,train
921,C:\Users\edimv\Desktop\imagecas_stenosis_project\data\test\images\921.nii.gz,C:\Users\edimv\Desktop\imagecas_stenosis_project\data\test\masks\921.nii.gz,test
922,C:\Users\edimv\Desktop\imagecas_stenosis_project\data\train\images\922.nii.gz,C:\Users\edimv\Desktop\imagecas_stenosis_project\data\train\masks\922.nii.gz,train
923,C:\Users\edimv\Desktop\imagecas_stenosis_project\data\train\images\923.nii.gz,C:\Users\edimv\Desktop\imagecas_stenosis_project\data\train\masks\923.nii.gz,train
924,C:\Users\edimv\Desktop\imagecas_stenosis_project\data\test\images\924.nii.gz,C:\Users\edimv\Desktop\imagecas_stenosis_project\data\test\masks\924.nii.gz,test
925,C:\Users\edimv\Desktop\imagecas_stenosis_project\data\train\images\925.nii.gz,C:\Users\edimv\Desktop\imagecas_stenosis_project\data\train\masks\925.nii.gz,train
926,C:\Users\edimv\Desktop\imagecas_stenosis_project\data\train\images\926.nii.gz,C:\Users\edimv\Desktop\imagecas_stenosis_project\data\train\masks\926.nii.gz,train
927,C:\Users\edimv\Desktop\imagecas_stenosis_project\data\train\images\927.nii.gz,C:\Users\edimv\Desktop\imagecas_stenosis_project\data\train\masks\927.nii.gz,train
928,C:\Users\edimv\Desktop\imagecas_stenosis_project\data\train\images\928.nii.gz,C:\Users\edimv\Desktop\imagecas_stenosis_project\data\train\masks\928.nii.gz,train
929,C:\Users\edimv\Desktop\imagecas_stenosis_project\data\train\images\929.nii.gz,C:\Users\edimv\Desktop\imagecas_stenosis_project\data\train\masks\929.nii.gz,train
93,C:\Users\edimv\Desktop\imagecas_stenosis_project\data\train\images\93.nii.gz,C:\Users\edimv\Desktop\imagecas_stenosis_project\data\train\masks\93.nii.gz,train
930,C:\Users\edimv\Desktop\imagecas_stenosis_project\data\test\images\930.nii.gz,C:\Users\edimv\Desktop\imagecas_stenosis_project\data\test\masks\930.nii.gz,test
931,C:\Users\edimv\Desktop\imagecas_stenosis_project\data\train\images\931.nii.gz,C:\Users\edimv\Desktop\imagecas_stenosis_project\data\train\masks\931.nii.gz,train
932,C:\Users\edimv\Desktop\imagecas_stenosis_project\data\train\images\932.nii.gz,C:\Users\edimv\Desktop\imagecas_stenosis_project\data\train\masks\932.nii.gz,train
933,C:\Users\edimv\Desktop\imagecas_stenosis_project\data\train\images\933.nii.gz,C:\Users\edimv\Desktop\imagecas_stenosis_project\data\train\masks\933.nii.gz,train
934,C:\Users\edimv\Desktop\imagecas_stenosis_project\data\train\images\934.nii.gz,C:\Users\edimv\Desktop\imagecas_stenosis_project\data\train\masks\934.nii.gz,train
935,C:\Users\edimv\Desktop\imagecas_stenosis_project\data\train\images\935.nii.gz,C:\Users\edimv\Desktop\imagecas_stenosis_project\data\train\masks\935.nii.gz,train
936,C:\Users\edimv\Desktop\imagecas_stenosis_project\data\train\images\936.nii.gz,C:\Users\edimv\Desktop\imagecas_stenosis_project\data\train\masks\936.nii.gz,train
937,C:\Users\edimv\Desktop\imagecas_stenosis_project\data\train\images\937.nii.gz,C:\Users\edimv\Desktop\imagecas_stenosis_project\data\train\masks\937.nii.gz,train
938,C:\Users\edimv\Desktop\imagecas_stenosis_project\data\train\images\938.nii.gz,C:\Users\edimv\Desktop\imagecas_stenosis_project\data\train\masks\938.nii.gz,train
939,C:\Users\edimv\Desktop\imagecas_stenosis_project\data\train\images\939.nii.gz,C:\Users\edimv\Desktop\imagecas_stenosis_project\data\train\masks\939.nii.gz,train
94,C:\Users\edimv\Desktop\imagecas_stenosis_project\data\train\images\94.nii.gz,C:\Users\edimv\Desktop\imagecas_stenosis_project\data\train\masks\94.nii.gz,train
940,C:\Users\edimv\Desktop\imagecas_stenosis_project\data\train\images\940.nii.gz,C:\Users\edimv\Desktop\imagecas_stenosis_project\data\train\masks\940.nii.gz,train
941,C:\Users\edimv\Desktop\imagecas_stenosis_project\data\test\images\941.nii.gz,C:\Users\edimv\Desktop\imagecas_stenosis_project\data\test\masks\941.nii.gz,test
942,C:\Users\edimv\Desktop\imagecas_stenosis_project\data\train\images\942.nii.gz,C:\Users\edimv\Desktop\imagecas_stenosis_project\data\train\masks\942.nii.gz,train
943,C:\Users\edimv\Desktop\imagecas_stenosis_project\data\test\images\943.nii.gz,C:\Users\edimv\Desktop\imagecas_stenosis_project\data\test\masks\943.nii.gz,test
944,C:\Users\edimv\Desktop\imagecas_stenosis_project\data\train\images\944.nii.gz,C:\Users\edimv\Desktop\imagecas_stenosis_project\data\train\masks\944.nii.gz,train
945,C:\Users\edimv\Desktop\imagecas_stenosis_project\data\train\images\945.nii.gz,C:\Users\edimv\Desktop\imagecas_stenosis_project\data\train\masks\945.nii.gz,train
946,C:\Users\edimv\Desktop\imagecas_stenosis_project\data\test\images\946.nii.gz,C:\Users\edimv\Desktop\imagecas_stenosis_project\data\test\masks\946.nii.gz,test
947,C:\Users\edimv\Desktop\imagecas_stenosis_project\data\test\images\947.nii.gz,C:\Users\edimv\Desktop\imagecas_stenosis_project\data\test\masks\947.nii.gz,test
948,C:\Users\edimv\Desktop\imagecas_stenosis_project\data\train\images\948.nii.gz,C:\Users\edimv\Desktop\imagecas_stenosis_project\data\train\masks\948.nii.gz,train
949,C:\Users\edimv\Desktop\imagecas_stenosis_project\data\train\images\949.nii.gz,C:\Users\edimv\Desktop\imagecas_stenosis_project\data\train\masks\949.nii.gz,train
95,C:\Users\edimv\Desktop\imagecas_stenosis_project\data\train\images\95.nii.gz,C:\Users\edimv\Desktop\imagecas_stenosis_project\data\train\masks\95.nii.gz,train
950,C:\Users\edimv\Desktop\imagecas_stenosis_project\data\train\images\950.nii.gz,C:\Users\edimv\Desktop\imagecas_stenosis_project\data\train\masks\950.nii.gz,train
951,C:\Users\edimv\Desktop\imagecas_stenosis_project\data\test\images\951.nii.gz,C:\Users\edimv\Desktop\imagecas_stenosis_project\data\test\masks\951.nii.gz,test
952,C:\Users\edimv\Desktop\imagecas_stenosis_project\data\test\images\952.nii.gz,C:\Users\edimv\Desktop\imagecas_stenosis_project\data\test\masks\952.nii.gz,test
953,C:\Users\edimv\Desktop\imagecas_stenosis_project\data\train\images\953.nii.gz,C:\Users\edimv\Desktop\imagecas_stenosis_project\data\train\masks\953.nii.gz,train
954,C:\Users\edimv\Desktop\imagecas_stenosis_project\data\train\images\954.nii.gz,C:\Users\edimv\Desktop\imagecas_stenosis_project\data\train\masks\954.nii.gz,train
955,C:\Users\edimv\Desktop\imagecas_stenosis_project\data\train\images\955.nii.gz,C:\Users\edimv\Desktop\imagecas_stenosis_project\data\train\masks\955.nii.gz,train
956,C:\Users\edimv\Desktop\imagecas_stenosis_project\data\train\images\956.nii.gz,C:\Users\edimv\Desktop\imagecas_stenosis_project\data\train\masks\956.nii.gz,train
957,C:\Users\edimv\Desktop\imagecas_stenosis_project\data\train\images\957.nii.gz,C:\Users\edimv\Desktop\imagecas_stenosis_project\data\train\masks\957.nii.gz,train
958,C:\Users\edimv\Desktop\imagecas_stenosis_project\data\train\images\958.nii.gz,C:\Users\edimv\Desktop\imagecas_stenosis_project\data\train\masks\958.nii.gz,train
959,C:\Users\edimv\Desktop\imagecas_stenosis_project\data\train\images\959.nii.gz,C:\Users\edimv\Desktop\imagecas_stenosis_project\data\train\masks\959.nii.gz,train
96,C:\Users\edimv\Desktop\imagecas_stenosis_project\data\train\images\96.nii.gz,C:\Users\edimv\Desktop\imagecas_stenosis_project\data\train\masks\96.nii.gz,train
960,C:\Users\edimv\Desktop\imagecas_stenosis_project\data\train\images\960.nii.gz,C:\Users\edimv\Desktop\imagecas_stenosis_project\data\train\masks\960.nii.gz,train
961,C:\Users\edimv\Desktop\imagecas_stenosis_project\data\train\images\961.nii.gz,C:\Users\edimv\Desktop\imagecas_stenosis_project\data\train\masks\961.nii.gz,train
962,C:\Users\edimv\Desktop\imagecas_stenosis_project\data\test\images\962.nii.gz,C:\Users\edimv\Desktop\imagecas_stenosis_project\data\test\masks\962.nii.gz,test
963,C:\Users\edimv\Desktop\imagecas_stenosis_project\data\train\images\963.nii.gz,C:\Users\edimv\Desktop\imagecas_stenosis_project\data\train\masks\963.nii.gz,train
964,C:\Users\edimv\Desktop\imagecas_stenosis_project\data\train\images\964.nii.gz,C:\Users\edimv\Desktop\imagecas_stenosis_project\data\train\masks\964.nii.gz,train
965,C:\Users\edimv\Desktop\imagecas_stenosis_project\data\train\images\965.nii.gz,C:\Users\edimv\Desktop\imagecas_stenosis_project\data\train\masks\965.nii.gz,train
966,C:\Users\edimv\Desktop\imagecas_stenosis_project\data\train\images\966.nii.gz,C:\Users\edimv\Desktop\imagecas_stenosis_project\data\train\masks\966.nii.gz,train
967,C:\Users\edimv\Desktop\imagecas_stenosis_project\data\train\images\967.nii.gz,C:\Users\edimv\Desktop\imagecas_stenosis_project\data\train\masks\967.nii.gz,train
968,C:\Users\edimv\Desktop\imagecas_stenosis_project\data\train\images\968.nii.gz,C:\Users\edimv\Desktop\imagecas_stenosis_project\data\train\masks\968.nii.gz,train
969,C:\Users\edimv\Desktop\imagecas_stenosis_project\data\train\images\969.nii.gz,C:\Users\edimv\Desktop\imagecas_stenosis_project\data\train\masks\969.nii.gz,train
97,C:\Users\edimv\Desktop\imagecas_stenosis_project\data\train\images\97.nii.gz,C:\Users\edimv\Desktop\imagecas_stenosis_project\data\train\masks\97.nii.gz,train
970,C:\Users\edimv\Desktop\imagecas_stenosis_project\data\train\images\970.nii.gz,C:\Users\edimv\Desktop\imagecas_stenosis_project\data\train\masks\970.nii.gz,train
971,C:\Users\edimv\Desktop\imagecas_stenosis_project\data\train\images\971.nii.gz,C:\Users\edimv\Desktop\imagecas_stenosis_project\data\train\masks\971.nii.gz,train
972,C:\Users\edimv\Desktop\imagecas_stenosis_project\data\train\images\972.nii.gz,C:\Users\edimv\Desktop\imagecas_stenosis_project\data\train\masks\972.nii.gz,train
973,C:\Users\edimv\Desktop\imagecas_stenosis_project\data\train\images\973.nii.gz,C:\Users\edimv\Desktop\imagecas_stenosis_project\data\train\masks\973.nii.gz,train
974,C:\Users\edimv\Desktop\imagecas_stenosis_project\data\train\images\974.nii.gz,C:\Users\edimv\Desktop\imagecas_stenosis_project\data\train\masks\974.nii.gz,train
975,C:\Users\edimv\Desktop\imagecas_stenosis_project\data\test\images\975.nii.gz,C:\Users\edimv\Desktop\imagecas_stenosis_project\data\test\masks\975.nii.gz,test
976,C:\Users\edimv\Desktop\imagecas_stenosis_project\data\test\images\976.nii.gz,C:\Users\edimv\Desktop\imagecas_stenosis_project\data\test\masks\976.nii.gz,test
977,C:\Users\edimv\Desktop\imagecas_stenosis_project\data\train\images\977.nii.gz,C:\Users\edimv\Desktop\imagecas_stenosis_project\data\train\masks\977.nii.gz,train
978,C:\Users\edimv\Desktop\imagecas_stenosis_project\data\train\images\978.nii.gz,C:\Users\edimv\Desktop\imagecas_stenosis_project\data\train\masks\978.nii.gz,train
979,C:\Users\edimv\Desktop\imagecas_stenosis_project\data\test\images\979.nii.gz,C:\Users\edimv\Desktop\imagecas_stenosis_project\data\test\masks\979.nii.gz,test
98,C:\Users\edimv\Desktop\imagecas_stenosis_project\data\test\images\98.nii.gz,C:\Users\edimv\Desktop\imagecas_stenosis_project\data\test\masks\98.nii.gz,test
980,C:\Users\edimv\Desktop\imagecas_stenosis_project\data\train\images\980.nii.gz,C:\Users\edimv\Desktop\imagecas_stenosis_project\data\train\masks\980.nii.gz,train
981,C:\Users\edimv\Desktop\imagecas_stenosis_project\data\train\images\981.nii.gz,C:\Users\edimv\Desktop\imagecas_stenosis_project\data\train\masks\981.nii.gz,train
982,C:\Users\edimv\Desktop\imagecas_stenosis_project\data\train\images\982.nii.gz,C:\Users\edimv\Desktop\imagecas_stenosis_project\data\train\masks\982.nii.gz,train
983,C:\Users\edimv\Desktop\imagecas_stenosis_project\data\train\images\983.nii.gz,C:\Users\edimv\Desktop\imagecas_stenosis_project\data\train\masks\983.nii.gz,train
984,C:\Users\edimv\Desktop\imagecas_stenosis_project\data\train\images\984.nii.gz,C:\Users\edimv\Desktop\imagecas_stenosis_project\data\train\masks\984.nii.gz,train
985,C:\Users\edimv\Desktop\imagecas_stenosis_project\data\train\images\985.nii.gz,C:\Users\edimv\Desktop\imagecas_stenosis_project\data\train\masks\985.nii.gz,train
986,C:\Users\edimv\Desktop\imagecas_stenosis_project\data\test\images\986.nii.gz,C:\Users\edimv\Desktop\imagecas_stenosis_project\data\test\masks\986.nii.gz,test
987,C:\Users\edimv\Desktop\imagecas_stenosis_project\data\test\images\987.nii.gz,C:\Users\edimv\Desktop\imagecas_stenosis_project\data\test\masks\987.nii.gz,test
988,C:\Users\edimv\Desktop\imagecas_stenosis_project\data\train\images\988.nii.gz,C:\Users\edimv\Desktop\imagecas_stenosis_project\data\train\masks\988.nii.gz,train
989,C:\Users\edimv\Desktop\imagecas_stenosis_project\data\train\images\989.nii.gz,C:\Users\edimv\Desktop\imagecas_stenosis_project\data\train\masks\989.nii.gz,train
99,C:\Users\edimv\Desktop\imagecas_stenosis_project\data\test\images\99.nii.gz,C:\Users\edimv\Desktop\imagecas_stenosis_project\data\test\masks\99.nii.gz,test
990,C:\Users\edimv\Desktop\imagecas_stenosis_project\data\train\images\990.nii.gz,C:\Users\edimv\Desktop\imagecas_stenosis_project\data\train\masks\990.nii.gz,train
991,C:\Users\edimv\Desktop\imagecas_stenosis_project\data\train\images\991.nii.gz,C:\Users\edimv\Desktop\imagecas_stenosis_project\data\train\masks\991.nii.gz,train
992,C:\Users\edimv\Desktop\imagecas_stenosis_project\data\train\images\992.nii.gz,C:\Users\edimv\Desktop\imagecas_stenosis_project\data\train\masks\992.nii.gz,train
993,C:\Users\edimv\Desktop\imagecas_stenosis_project\data\train\images\993.nii.gz,C:\Users\edimv\Desktop\imagecas_stenosis_project\data\train\masks\993.nii.gz,train
994,C:\Users\edimv\Desktop\imagecas_stenosis_project\data\train\images\994.nii.gz,C:\Users\edimv\Desktop\imagecas_stenosis_project\data\train\masks\994.nii.gz,train
995,C:\Users\edimv\Desktop\imagecas_stenosis_project\data\test\images\995.nii.gz,C:\Users\edimv\Desktop\imagecas_stenosis_project\data\test\masks\995.nii.gz,test
996,C:\Users\edimv\Desktop\imagecas_stenosis_project\data\train\images\996.nii.gz,C:\Users\edimv\Desktop\imagecas_stenosis_project\data\train\masks\996.nii.gz,train
997,C:\Users\edimv\Desktop\imagecas_stenosis_project\data\train\images\997.nii.gz,C:\Users\edimv\Desktop\imagecas_stenosis_project\data\train\masks\997.nii.gz,train
998,C:\Users\edimv\Desktop\imagecas_stenosis_project\data\test\images\998.nii.gz,C:\Users\edimv\Desktop\imagecas_stenosis_project\data\test\masks\998.nii.gz,test
999,C:\Users\edimv\Desktop\imagecas_stenosis_project\data\train\images\999.nii.gz,C:\Users\edimv\Desktop\imagecas_stenosis_project\data\train\masks\999.nii.gz,train
